20191026,沙坪坝,烈士墓,融创滨江壹号，正规清水四房，视野采光好，户型方正,195万,低楼层(共32层)                                                4室2厅 | 149.99平米                                  | 东,https://ke-image.ljcdn.com/500000-inspection/prod-d649c1bc-ccea-4707-8408-4088e9b58220.jpg!m_fill,w_280,h_210,f_jpg?from=ke.com
20191026,沙坪坝,烈士墓,九鼎改的小两室  采光充足 出行便利  业主诚售,46万,低楼层(共31层)                                                    | 2006年建 |                                 2室1厅 | 35.5平米                                  | 东南,https://ke-image.ljcdn.com/500000-inspection/prod-3029b0b5-4ae7-4223-8a2e-5b725c21d3c1.jpg!m_fill,w_280,h_210,f_jpg?from=ke.com
20191026,沙坪坝,烈士墓,举步磁器口 出行便捷 楼层适中 诚心出售,85万,中楼层(共33层)                                                    | 2017年建 |                                 2室2厅 | 66.46平米                                  | 南,https://ke-image.ljcdn.com/500000-inspection/prod-0d79d356-a1ea-4dd7-b1c8-654417a25cb4.jpg!m_fill,w_280,h_210,f_jpg?from=ke.com
20191026,沙坪坝,烈士墓,沙坪坝烈士墓金悦城二期小三房住家拎包入住,130万,低楼层(共31层)                                                    | 2010年建 |                                 3室2厅 | 95平米                                  | 东南,https://ke-image.ljcdn.com/500000-inspection/pc1_flKEI0wOc_1.jpg!m_fill,w_280,h_210,f_jpg?from=ke.com
20191026,沙坪坝,烈士墓,融创滨江壹号看江大平层，视野开阔，朝向安静,190万,高楼层(共41层)                                                    | 2017年建 |                                 4室2厅 | 136.78平米                                  | 东南,https://ke-image.ljcdn.com/500000-inspection/prod-aa420c7d-c5bc-4f99-b74d-e85022941a8a.jpg!m_fill,w_280,h_210,f_jpg?from=ke.com
20191026,沙坪坝,烈士墓,此房为正规三房单卫的户型，房龄新,108万,高楼层(共32层)                                                    | 2018年建 |                                 3室2厅 | 75.66平米                                  | 东南,https://ke-image.ljcdn.com/500000-inspection/prod-9834e071-8d22-42a4-bd22-fa9f82e8d422.jpg!m_fill,w_280,h_210,f_jpg?from=ke.com
20191026,沙坪坝,烈士墓,业主诚心出售 户型方正 采光充足,149万,中楼层(共29层)                                                    | 2010年建 |                                 3室2厅 | 113.34平米                                  | 东,https://ke-image.ljcdn.com/500000-inspection/pc1_U6CmxsWsV_1.jpg!m_fill,w_280,h_210,f_jpg?from=ke.com
20191026,沙坪坝,烈士墓,金悦城 正规两房 精装修 楼层采光好,120万,高楼层(共30层)                                                    | 2010年建 |                                 2室2厅 | 83.1平米                                  | 东,https://ke-image.ljcdn.com/500000-inspection/pc1_HF78kNAoy_1.jpg!m_fill,w_280,h_210,f_jpg?from=ke.com
20191026,沙坪坝,烈士墓,烈士墓 次新房源 小三房 户型方正 看房方便,107万,低楼层(共31层)                                                3室2厅 | 75.85平米                                  | 东,https://ke-image.ljcdn.com/500000-inspection/prod-625faa33-952e-4dbc-a9c5-300b0c10b278.jpg!m_fill,w_280,h_210,f_jpg?from=ke.com
20191026,沙坪坝,烈士墓,轻轨旁，精装修，业主安心出售，采光好,98万,中楼层(共32层)                                                    | 2010年建 |                                 2室1厅 | 60.6平米                                  | 西,https://ke-image.ljcdn.com/500000-inspection/prod-ba00d009-aab3-4297-8a45-65ee10302b98.jpg!m_fill,w_280,h_210,f_jpg?from=ke.com
20191026,沙坪坝,烈士墓,融创滨江壹号大平层正看江  视野好  安静 套房户型,230万,中楼层(共41层)                                                    | 2017年建 |                                 4室2厅 | 143平米                                  | 东南,https://ke-image.ljcdn.com/500000-inspection/pc1_orZMjcjrz_1.jpg!m_fill,w_280,h_210,f_jpg?from=ke.com
20191026,沙坪坝,烈士墓,此房为滨江壹号少见户型 户型方正 视野好 可看江新上,115万,低楼层(共33层)                                                    | 2017年建 |                                 2室2厅 | 74平米                                  | 南,https://ke-image.ljcdn.com/500000-inspection/pc1_QHFCoo4hq.jpg!m_fill,w_280,h_210,f_jpg?from=ke.com
20191026,沙坪坝,烈士墓,烈士墓花园小区房 正规小三房 住家装修 拎包入住新上,108万,中楼层(共25层)                                                3室1厅 | 73.3平米                                  | 东,https://ke-image.ljcdn.com/500000-inspection/prod-9728829f-e8ca-440b-a482-7c34ff099922.jpg!m_fill,w_280,h_210,f_jpg?from=ke.com
20191026,沙坪坝,烈士墓,烈士墓轻轨站旁，正两房，沙区高品质小区，邻磁器口,85万,中楼层(共24层)                                                2室1厅 | 73.77平米                                  | 东,https://ke-image.ljcdn.com/500000-inspection/prod-df018aad-967f-48b5-bd98-f79f1ffc773a.jpg!m_fill,w_280,h_210,f_jpg?from=ke.com
20191026,沙坪坝,烈士墓,满两年 户型方正 次新小区 视野好 可看嘉陵江,98.8万,高楼层(共26层)                                                    | 2017年建 |                                 2室1厅 | 64.2平米                                  | 南,https://ke-image.ljcdn.com/500000-inspection/prod-723c634d-4f5f-4b14-b082-4d49a099dd03.jpg!m_fill,w_280,h_210,f_jpg?from=ke.com
20191026,沙坪坝,烈士墓,低楼层 ，清水两房，诚心出售。,80万,低楼层(共33层)                                                    | 2017年建 |                                 2室2厅 | 65平米                                  | 东南,https://ke-image.ljcdn.com/500000-inspection/prod-b2b11d97-c84e-4f38-b881-27158311af4a.jpg!m_fill,w_280,h_210,f_jpg?from=ke.com
20191026,沙坪坝,烈士墓,标准3室，户型方正，采光很好，诚心出售,118万,低楼层(共32层)                                                3室1厅 | 86.86平米                                  | 东南,https://ke-image.ljcdn.com/500000-inspection/pc1_XETlOfXJX_1.jpg!m_fill,w_280,h_210,f_jpg?from=ke.com
20191026,沙坪坝,烈士墓,金融街金悦府正规三房+近地铁+随时看房+新楼盘,125万,高楼层(共32层)                                                    | 2018年建 |                                 3室2厅 | 84.44平米                                  | 东南,https://ke-image.ljcdn.com/500000-inspection/prod-3bbabf33-aedd-4441-8e29-5284311926e5.jpg!m_fill,w_280,h_210,f_jpg?from=ke.com
20191026,沙坪坝,烈士墓,融创滨江壹号一期大平层正看江毛坯房,200万,低楼层(共41层)                                                    | 2017年建 |                                 4室1厅 | 143.54平米                                  | 东南,https://ke-image.ljcdn.com/500000-inspection/prod-50ab3910-4f8e-4b36-931a-1edaebd21108.jpg!m_fill,w_280,h_210,f_jpg?from=ke.com
20191026,沙坪坝,烈士墓,磁器口古镇旁 三千城 装修小三居 居家安静 出行方便,107万,高楼层(共33层)                                                    | 2014年建 |                                 3室2厅 | 76平米                                  | 东南,https://ke-image.ljcdn.com/500000-inspection/prod-013312e3-fa06-4427-b448-bbd085425966.jpg!m_fill,w_280,h_210,f_jpg?from=ke.com
20191026,沙坪坝,烈士墓,交通便利 户型方正一房 配套齐全,73万,低楼层(共33层)                                                2室1厅 | 61.41平米                                  | 东南,https://ke-image.ljcdn.com/500000-inspection/pc1_l2381k448.jpg!m_fill,w_280,h_210,f_jpg?from=ke.com
20191026,沙坪坝,烈士墓,业主诚心出售，户型方正，小区空气清新,248万,低楼层(共32层)                                                4室2厅 | 166平米                                  | 南,https://ke-image.ljcdn.com/500000-inspection/pc1_hEx98gqhe.jpg!m_fill,w_280,h_210,f_jpg?from=ke.com
20191026,沙坪坝,烈士墓,沙坪坝 烈士墓 金悦城 正规两房两厅 住家装修 安静,126万,高楼层(共29层)                                                    | 2010年建 |                                 2室2厅 | 95平米                                  | 南,https://ke-image.ljcdn.com/500000-inspection/prod-9b7d1f2d-a555-4c12-be98-c1c7508ffadc.jpg!m_fill,w_280,h_210,f_jpg?from=ke.com
20191026,沙坪坝,烈士墓,嘉陵江畔，歌乐山下，户型方正，交通方便，出行便捷,110万,低楼层(共33层)                                                    | 2014年建 |                                 2室2厅 | 72.57平米                                  | 东南,https://ke-image.ljcdn.com/500000-inspection/prod-bbd5437d-8537-4728-a425-939610c831c8.jpg!m_fill,w_280,h_210,f_jpg?from=ke.com
20191026,沙坪坝,烈士墓,金融街金悦府 清水三房 户型方正 采光充足 视野开阔,160万,低楼层(共31层)                                                4室2厅 | 114平米                                  | 西北,https://ke-image.ljcdn.com/500000-inspection/prod-092cee99-48ff-4bc6-9311-0c63d826137b.jpg!m_fill,w_280,h_210,f_jpg?from=ke.com
20191026,沙坪坝,烈士墓,三千城正规两房 精装修没有住过人 保持很好 业主诚售,115万,中楼层(共33层)                                                    | 2014年建 |                                 2室2厅 | 81平米                                  | 东南,https://ke-image.ljcdn.com/500000-inspection/prod-aa6a3c98-732e-46bc-a147-65d9edb274e2.jpg!m_fill,w_280,h_210,f_jpg?from=ke.com
20191026,沙坪坝,烈士墓,磁器口边 装修跃层两房 出行方便 拎包入住 急售,62万,高楼层(共11层)                                                    | 2002年建 |                                 2室1厅 | 41.2平米                                  | 西,https://ke-image.ljcdn.com/500000-inspection/prod-702c4abc-96f8-4952-8cf6-b987e425cc27.jpg!m_fill,w_280,h_210,f_jpg?from=ke.com
20191026,沙坪坝,烈士墓,烈士墓轻轨旁，精装小户型，业主诚心出售,55万,低楼层(共16层)                                                    | 2011年建 |                                 2室1厅 | 35平米                                  | 东南,https://ke-image.ljcdn.com/500000-inspection/pc1_vnpDBjMAN_1.jpg!m_fill,w_280,h_210,f_jpg?from=ke.com
20191026,沙坪坝,烈士墓,瓷器口旁 歌乐山下 交通便捷 诚心出售,106万,中楼层(共33层)                                                    | 2014年建 |                                 2室1厅 | 75.54平米                                  | 南,https://ke-image.ljcdn.com/500000-inspection/pc1_wNP3lORTs.jpg!m_fill,w_280,h_210,f_jpg?from=ke.com
20191026,沙坪坝,烈士墓,奇峰云邸一期，品质之作，视野好，清水四房,145万,低楼层(共6层)                                                    | 2013年建 |                                 4室2厅 | 160.4平米                                  | 东北,https://ke-image.ljcdn.com/500000-inspection/prod-165f9c71-7054-4191-92c0-6ec3f1cdb42b.jpg!m_fill,w_280,h_210,f_jpg?from=ke.com
20191026,沙坪坝,烈士墓,融创滨江壹号二期大平层正看江视野好安静 套房户型,270万,中楼层(共32层)                                                4室2厅 | 166平米                                  | 东南,https://ke-image.ljcdn.com/500000-inspection/pc1_HOPUVDNuY.jpg!m_fill,w_280,h_210,f_jpg?from=ke.com
20191026,沙坪坝,烈士墓,三千城二改三户型，精装，业主诚心卖,120万,低楼层(共33层)                                                3室1厅 | 81.51平米                                  | 东,https://ke-image.ljcdn.com/500000-inspection/prod-0ba82a41-3e69-4a2a-a31a-aba79f336c19.jpg!m_fill,w_280,h_210,f_jpg?from=ke.com
20191026,沙坪坝,烈士墓,品质楼盘，两梯四户，轻轨房，次新房，江景房于一体,230万,高楼层(共32层)                                                4室2厅 | 150平米                                  | 南,https://ke-image.ljcdn.com/500000-inspection/prod-031bb210-4f4f-4cdf-8eff-38a95ba73de9.jpg!m_fill,w_280,h_210,f_jpg?from=ke.com
20191026,沙坪坝,烈士墓,沙坪坝，烈士墓，低楼层，简装修，户型好，价格合理,100万,低楼层(共12层)                                                    | 2002年建 |                                 3室2厅 | 80平米                                  | 西,https://ke-image.ljcdn.com/500000-inspection/prod-22af2fac-d6cb-47b1-9bb0-24cb3b8b39fa.jpg!m_fill,w_280,h_210,f_jpg?from=ke.com
20191026,沙坪坝,烈士墓,房龄新，产权清晰，交易便捷，有装修，可拎包入住。,100万,低楼层(共33层)                                                    | 2014年建 |                                 2室2厅 | 72.77平米                                  | 东,https://ke-image.ljcdn.com/500000-inspection/prod-abe399b2-a631-4068-991b-0fb82b8bf720.jpg!m_fill,w_280,h_210,f_jpg?from=ke.com
20191026,沙坪坝,烈士墓,金融街金悦府 清水三房两卫户型 朝向安静 适合居家,129万,低楼层(共32层)                                                3室2厅 | 97.6平米                                  | 南,https://ke-image.ljcdn.com/500000-inspection/pc1_nVoYCxwbt_1.jpg!m_fill,w_280,h_210,f_jpg?from=ke.com
20191026,沙坪坝,烈士墓,磁器口 国盛三千城  两室一厅 户型方正 采光充足,90万,低楼层(共33层)                                                    | 2017年建 |                                 2室1厅 | 67平米                                  | 东,https://ke-image.ljcdn.com/500000-inspection/prod-778ada02-593f-42d7-946f-7706b133b64d.jpg!m_fill,w_280,h_210,f_jpg?from=ke.com
20191026,沙坪坝,烈士墓,金融街金悦府 装修三房 户型方正 朝向安静 适合居家,132万,中楼层(共31层)                                                3室2厅 | 87.7平米                                  | 南,https://ke-image.ljcdn.com/500000-inspection/pc1_8Owm1ivaC_1.jpg!m_fill,w_280,h_210,f_jpg?from=ke.com
20191026,沙坪坝,烈士墓,融创滨江壹号一期三房双卫，采光好。,175万,低楼层(共41层)                                                    | 2017年建 |                                 3室2厅 | 113平米                                  | 东南,https://ke-image.ljcdn.com/500000-inspection/pc1_xjM1sSzpt.jpg!m_fill,w_280,h_210,f_jpg?from=ke.com
20191026,沙坪坝,烈士墓,装修三房 次新小区 家具家电齐全,130万,高楼层(共32层)                                                    | 2018年建 |                                 3室2厅 | 76平米                                  | 东,https://ke-image.ljcdn.com/500000-inspection/prod-4119ea13-1ecb-4165-bd6e-2e81ffd28c7e.png!m_fill,w_280,h_210,f_jpg?from=ke.com
20191026,沙坪坝,烈士墓,正规大两房  朝向安静  环境好 户型方正,110万,低楼层(共33层)                                                    | 2015年建 |                                 2室1厅 | 89.57平米                                  | 东南,https://ke-image.ljcdn.com/500000-inspection/prod-f28299d7-6fa2-4112-84b7-6028ff2a5f3d.jpg!m_fill,w_280,h_210,f_jpg?from=ke.com
20191026,沙坪坝,烈士墓,金悦城精装三房带品牌家具家电+业主诚心卖,150万,高楼层(共29层)                                                    | 2010年建 |                                 3室2厅 | 100.36平米                                  | 东南,https://ke-image.ljcdn.com/500000-inspection/prod-3b2272ac-72e0-4d6e-b70f-95a7d9b3d366.jpg!m_fill,w_280,h_210,f_jpg?from=ke.com
20191026,沙坪坝,烈士墓,三千城简装两房，举步磁器口，交通便利,108万,低楼层(共37层)                                                    | 2014年建 |                                 2室2厅 | 83.35平米                                  | 东南,https://ke-image.ljcdn.com/500000-inspection/prod-d79cdf41-6cc1-4ffa-bc68-ecfe1fefa22e.jpg!m_fill,w_280,h_210,f_jpg?from=ke.com
20191026,沙坪坝,烈士墓,轻轨 融创滨江壹号大平层清水四房 可装自己喜欢的风格,210万,低楼层(共32层)                                                4室2厅 | 142平米                                  | 东南,https://ke-image.ljcdn.com/500000-inspection/pc1_NrOKYbrfB_1.jpg!m_fill,w_280,h_210,f_jpg?from=ke.com
20191026,沙坪坝,烈士墓,举步磁器口 中间楼层 交通便捷  清水两室随心装,85万,中楼层(共33层)                                                    | 2017年建 |                                 2室1厅 | 66.46平米                                  | 西南,https://ke-image.ljcdn.com/500000-inspection/prod-31dfd338-7a61-46c3-b3e3-8242d06bd40e.jpg!m_fill,w_280,h_210,f_jpg?from=ke.com
20191026,沙坪坝,烈士墓,烈士墓轻轨旁 小户型 精装修 住家舒适,66万,中楼层(共32层)                                                    | 2010年建 |                                 1室1厅 | 42.23平米                                  | 东南,https://ke-image.ljcdn.com/500000-inspection/prod-7ef8552e-7ebc-43fe-b762-2cfc4ba34958.jpg!m_fill,w_280,h_210,f_jpg?from=ke.com
20191026,沙坪坝,烈士墓,举步磁器口 出行便捷 户型方正 中间楼层 视野开阔,93万,中楼层(共33层)                                                    | 2017年建 |                                 2室2厅 | 68平米                                  | 东南,https://ke-image.ljcdn.com/500000-inspection/prod-842601f4-8a6d-4c0e-a421-35c8937f9961.jpg!m_fill,w_280,h_210,f_jpg?from=ke.com
20191026,沙坪坝,烈士墓,磁器口古镇 嘉陵江畔 精致装修 给您舒适家的温暖,121万,低楼层(共33层)                                                    | 2017年建 |                                 2室2厅 | 85.6平米                                  | 东南,https://ke-image.ljcdn.com/500000-inspection/prod-0826fa88-7c23-4401-b3e9-23c627eae74b.jpg!m_fill,w_280,h_210,f_jpg?from=ke.com
20191026,沙坪坝,烈士墓,烈士墓 精装小户型 交通方便 户型采光好,65万,高楼层(共32层)                                                    | 2010年建 |                                 1室1厅 | 42平米                                  | 西,https://ke-image.ljcdn.com/500000-inspection/pc1_yzrrCpI0u_1.jpg!m_fill,w_280,h_210,f_jpg?from=ke.com
20191026,沙坪坝,烈士墓,石井坡 滨江路融创滨江壹号 毛坯两房 朝向安静,100万,低楼层(共26层)                                                    | 2017年建 |                                 2室2厅 | 64平米                                  | 南,https://ke-image.ljcdn.com/500000-inspection/pc1_Ihpge2LyI.jpg!m_fill,w_280,h_210,f_jpg?from=ke.com
20191026,沙坪坝,烈士墓,沙坪坝滨江路融创滨江壹号180度看江,480万,高楼层(共41层)                                                    | 2017年建 |                                 5室1厅 | 230平米                                  | 东南,https://ke-image.ljcdn.com/500000-inspection/prod-7ebea513-d08d-4640-b29d-f311f5d8098d.jpg!m_fill,w_280,h_210,f_jpg?from=ke.com
20191026,沙坪坝,烈士墓,融创滨江壹号1期三房，户型方正，视野好。交通便利,190万,低楼层(共41层)                                                    | 2017年建 |                                 3室2厅 | 136.78平米                                  | 东 东南,https://ke-image.ljcdn.com/500000-inspection/pc1_7r8qP1zJ6_1.jpg!m_fill,w_280,h_210,f_jpg?from=ke.com
20191026,沙坪坝,烈士墓,金融街 金悦城四房带大露台 麻将馆装修 看房方,150万,低楼层(共29层)                                                    | 2010年建 |                                 4室1厅 | 113平米                                  | 西,https://ke-image.ljcdn.com/500000-inspection/pc1_6lzUnFWoD_1.jpg!m_fill,w_280,h_210,f_jpg?from=ke.com
20191026,沙坪坝,烈士墓,标准的   两室两厅  带外阳台,95万,低楼层(共18层)                                                    | 2008年建 |                                 2室2厅 | 86平米                                  | 东北,https://ke-image.ljcdn.com/500000-inspection/pc1_eQGLL3Khb_1.jpg!m_fill,w_280,h_210,f_jpg?from=ke.com
20191026,沙坪坝,烈士墓,园林生活，户型方正，住家怡人，交通便捷，出行方便,92万,中楼层(共18层)                                                    | 2002年建 |                                 2室2厅 | 82.47平米                                  | 东南,https://ke-image.ljcdn.com/500000-inspection/pc1_eaKLldWbv_1.jpg!m_fill,w_280,h_210,f_jpg?from=ke.com
20191026,沙坪坝,烈士墓,融创滨江壹号二期大平层正看江，视野好，安静,270万,中楼层(共32层)                                                4室2厅 | 166平米                                  | 南,https://ke-image.ljcdn.com/500000-inspection/pc1_YXKAQOaDw.jpg!m_fill,w_280,h_210,f_jpg?from=ke.com
20191026,沙坪坝,烈士墓,沙坪坝烈士墓金星花园两房业主诚心出售,68万,高楼层(共7层)                                                2室2厅 | 90平米                                  | 东北,https://ke-image.ljcdn.com/500000-inspection/pc1_Mf9IglUtY_1.jpg!m_fill,w_280,h_210,f_jpg?from=ke.com
20191026,沙坪坝,烈士墓,沙坪坝磁器口旁金悦府小三房户型方正,125万,中楼层(共32层)                                                    | 2018年建 |                                 3室2厅 | 84.5平米                                  | 南,https://ke-image.ljcdn.com/500000-inspection/pc1_T5YJ6wvO5_1.jpg!m_fill,w_280,h_210,f_jpg?from=ke.com
20191026,沙坪坝,烈士墓,沙坪坝金悦府精装三房业主诚心出售,143万,低楼层(共32层)                                                    | 2018年建 |                                 3室2厅 | 85平米                                  | 东南,https://ke-image.ljcdn.com/500000-inspection/test-954fe53b-c066-4c9a-9d0b-e34947490452.png!m_fill,w_280,h_210,f_jpg?from=ke.com
20191026,沙坪坝,烈士墓,园林式小区，户型无浪费空间，金融街品质大盘,95万,低楼层(共24层)                                                2室1厅 | 80平米                                  | 东南,https://ke-image.ljcdn.com/500000-inspection/prod-a0671d0b-b84b-467d-8e5f-1dfc80f7cfed.jpg!m_fill,w_280,h_210,f_jpg?from=ke.com
20191026,沙坪坝,烈士墓,金悦城 2室1厅 东南,118万,高楼层(共30层)                                                    | 2010年建 |                                 2室1厅 | 83平米                                  | 东南,https://ke-image.ljcdn.com/500000-inspection/pc1_9tfUBGjS1_1.jpg!m_fill,w_280,h_210,f_jpg?from=ke.com
20191026,沙坪坝,烈士墓,举步磁器口，正看嘉陵江，侧看歌乐山，视野开阔,92万,低楼层(共33层)                                                    | 2017年建 |                                 2室1厅 | 67.43平米                                  | 南,https://ke-image.ljcdn.com/500000-inspection/prod-47a6255d-40b1-4e64-afc5-fc5a281048de.jpg!m_fill,w_280,h_210,f_jpg?from=ke.com
20191026,沙坪坝,烈士墓,沙坪坝 烈士墓 金悦城 单间配套 带外阳台,65万,中楼层(共32层)                                                    | 2010年建 |                                 1室1厅 | 42平米                                  | 东南,https://ke-image.ljcdn.com/500000-inspection/prod-0d437891-0c39-47bb-a44a-8939f1c4ab20.jpg!m_fill,w_280,h_210,f_jpg?from=ke.com
20191026,沙坪坝,烈士墓,翰林景园装修小户型，户型方正，朝向安静,48万,低楼层(共11层)                                                    | 2002年建 |                                 1室1厅 | 41.6平米                                  | 东南,https://ke-image.ljcdn.com/500000-inspection/pc1_nSBsS4Yu7_1.jpg!m_fill,w_280,h_210,f_jpg?from=ke.com
20191026,沙坪坝,烈士墓,轻轨旁小三房+户型方正+采光充足+出行方便+随意装修,120万,高楼层(共31层)                                                3室1厅 | 84.27平米                                  | 南,https://ke-image.ljcdn.com/500000-inspection/prod-dfc5e524-c608-4c47-9c29-e45f64c411b8.jpg!m_fill,w_280,h_210,f_jpg?from=ke.com
20191026,沙坪坝,烈士墓,烈士墓转盘 装修两房 位置安静 视野好,82万,高楼层(共31层)                                                    | 2005年建 |                                 2室1厅 | 65平米                                  | 东,https://ke-image.ljcdn.com/500000-inspection/pc1_83QMzJueS_1.jpg!m_fill,w_280,h_210,f_jpg?from=ke.com
20191026,沙坪坝,烈士墓,沙坪坝歌乐山奇峰云邸花园洋房顶跃业主诚心出售,168万,高楼层(共6层)                                                4室3厅 | 183.96平米                                  | 东南,https://ke-image.ljcdn.com/500000-inspection/prod-fb628043-2a33-4c8e-844a-8968bb038a4b.jpg!m_fill,w_280,h_210,f_jpg?from=ke.com
20191026,沙坪坝,烈士墓,融创滨江壹号二期大平层正看江  视野好 安静,280万,中楼层(共32层)                                                4室2厅 | 166平米                                  | 东,https://ke-image.ljcdn.com/500000-inspection/pc1_9KHnZFkHZ.jpg!m_fill,w_280,h_210,f_jpg?from=ke.com
20191026,沙坪坝,烈士墓,举步磁器口 环境优美 户型方正 交通便捷 生活方便,75万,中楼层(共33层)                                                    | 2016年建 |                                 2室1厅 | 58.18平米                                  | 东南 南,https://ke-image.ljcdn.com/500000-inspection/prod-68d881c5-71ff-4a4e-b5da-9d1a7c2f090b.jpg!m_fill,w_280,h_210,f_jpg?from=ke.com
20191026,沙坪坝,烈士墓,烈士墓轻轨旁 经典小户型 温馨装修 业主诚心出售,43万,低楼层(共16层)                                                    | 2011年建 |                                 1室0厅 | 35平米                                  | 东,https://ke-image.ljcdn.com/500000-inspection/pc1_sKGQmaqCI_1.jpg!m_fill,w_280,h_210,f_jpg?from=ke.com
20191026,沙坪坝,烈士墓,融创滨江壹号   户型方正   视野开阔,210万,低楼层(共41层)                                                    | 2017年建 |                                 4室2厅 | 144平米                                  | 东,https://ke-image.ljcdn.com/500000-inspection/prod-dcb2e05b-eda6-4936-94f8-0f26010adea8.jpg!m_fill,w_280,h_210,f_jpg?from=ke.com
20191026,沙坪坝,烈士墓,滨江壹号二期，清水四房，斜看江，2梯4房，有钥匙,220万,中楼层(共32层)                                                4室2厅 | 149平米                                  | 东南,https://ke-image.ljcdn.com/500000-inspection/pc1_uQhgGmGv6_1.jpg!m_fill,w_280,h_210,f_jpg?from=ke.com
20191026,沙坪坝,烈士墓,沙坪坝区 轻轨1号线 石井坡站 滨江壹号 4房2厅 证在手,260万,低楼层(共32层)                                                4室2厅 | 166.48平米                                  | 东南,https://ke-image.ljcdn.com/500000-inspection/prod-19d669bd-07d0-4d55-8d89-70a144c79a7a.jpg!m_fill,w_280,h_210,f_jpg?from=ke.com
20191026,沙坪坝,烈士墓,此房是公寓，税费高，高，高，客户谨慎,40万,低楼层(共28层)                                                1室1厅 | 43.84平米                                  | 南,https://ke-image.ljcdn.com/500000-inspection/prod-f5f4ca3d-bc42-4e22-ba04-77534ec99761.jpg!m_fill,w_280,h_210,f_jpg?from=ke.com
20191026,沙坪坝,烈士墓,业主诚心卖，可以拎包入住，居家安静，看房方便,99.9万,低楼层(共33层)                                                    | 2014年建 |                                 2室1厅 | 72.77平米                                  | 南,https://ke-image.ljcdn.com/500000-inspection/pc1_lr3pDNQlG.jpg!m_fill,w_280,h_210,f_jpg?from=ke.com
20191026,沙坪坝,烈士墓,融创滨江壹号 正规四房 可看江,180万,低楼层(共33层)                                                    | 2017年建 |                                 4室2厅 | 106平米                                  | 西南 东北,https://ke-image.ljcdn.com/500000-inspection/pc1_5aiKSr5Bj.jpg!m_fill,w_280,h_210,f_jpg?from=ke.com
20191026,沙坪坝,烈士墓,金融街金悦府 清水三房 户型方正 采光充足 视野开..,138万,低楼层(共32层)                                                3室2厅 | 104平米                                  | 东南,https://ke-image.ljcdn.com/500000-inspection/pc1_tsEeWtyly_1.jpg!m_fill,w_280,h_210,f_jpg?from=ke.com
20191026,沙坪坝,烈士墓,金悦城 精装小三房 户型方正 楼层采光好,148万,中楼层(共31层)                                                    | 2010年建 |                                 3室2厅 | 95平米                                  | 西,https://ke-image.ljcdn.com/500000-inspection/pc1_XrJ6l5i5Q_1.jpg!m_fill,w_280,h_210,f_jpg?from=ke.com
20191026,沙坪坝,烈士墓,小两房朝向安静，交通方便，业主诚心出售！,82万,中楼层(共33层)                                                2室1厅 | 60平米                                  | 南,https://ke-image.ljcdn.com/500000-inspection/prod-81a13122-a86a-4192-833c-1739e4b6ef5e.jpg!m_fill,w_280,h_210,f_jpg?from=ke.com
20191026,沙坪坝,烈士墓,此房为滨江壹号少见户型 户型方正 视野好 可看江新上,115万,低楼层(共33层)                                                    | 2017年建 |                                 2室2厅 | 74平米                                  | 南,https://ke-image.ljcdn.com/500000-inspection/pc1_QHFCoo4hq.jpg!m_fill,w_280,h_210,f_jpg?from=ke.com
20191026,沙坪坝,烈士墓,沙坪坝杨公桥奇峰云邸清水房诚心出售,136万,中楼层(共6层)                                                    | 2015年建 |                                 4室2厅 | 143.69平米                                  | 东南,https://ke-image.ljcdn.com/500000-inspection/prod-92d1048f-e2d8-4059-9689-88eb8f9b8015.jpg!m_fill,w_280,h_210,f_jpg?from=ke.com
20191026,沙坪坝,烈士墓,融创滨江壹号正规三房双卫，品质小区 安家乐业,152万,低楼层(共33层)                                                    | 2017年建 |                                 3室2厅 | 94平米                                  | 东,https://ke-image.ljcdn.com/500000-inspection/prod-24b12bcc-e6ad-467b-b125-22fa3df2e229.jpg!m_fill,w_280,h_210,f_jpg?from=ke.com
20191026,沙坪坝,烈士墓,沙坪坝烈士墓 金悦城 正规三房 带书房 户型方正,210万,高楼层(共31层)                                                    | 2010年建 |                                 4室1厅 | 127平米                                  | 东南,https://ke-image.ljcdn.com/500000-inspection/prod-7f577139-1513-4039-8afa-81bfede46dd4.jpg!m_fill,w_280,h_210,f_jpg?from=ke.com
20191026,沙坪坝,烈士墓,烈士墓轻轨旁 户型方正 采光充足,210万,中楼层(共29层)                                                    | 2010年建 |                                 4室2厅 | 127平米                                  | 东,https://ke-image.ljcdn.com/500000-inspection/pc1_JsaJ0GcMp_1.jpg!m_fill,w_280,h_210,f_jpg?from=ke.com
20191026,沙坪坝,烈士墓,滨江壹号看江高层，正规四房双卫，带车位出售,248万,高楼层(共32层)                                                4室2厅 | 150平米                                  | 南,https://ke-image.ljcdn.com/500000-inspection/prod-40ec0347-2762-4c9b-b1e5-e878645c0f78.jpg!m_fill,w_280,h_210,f_jpg?from=ke.com
20191026,沙坪坝,烈士墓,金融街金悦府 清水三房 户型方正 采光充足 视野开阔,138万,中楼层(共32层)                                                3室2厅 | 104平米                                  | 东南,https://ke-image.ljcdn.com/500000-inspection/pc1_amWf35KH9_1.jpg!m_fill,w_280,h_210,f_jpg?from=ke.com
20191026,沙坪坝,烈士墓,金悦城 正规小三房 精装修 楼层采光好,146万,高楼层(共31层)                                                    | 2010年建 |                                 3室2厅 | 95平米                                  | 西,https://ke-image.ljcdn.com/500000-inspection/pc1_21EoWDNsX_1.jpg!m_fill,w_280,h_210,f_jpg?from=ke.com
20191026,沙坪坝,烈士墓,沙坪坝奇峰云邸一楼带前后花园装修家具家电一起出售,278万,低楼层(共6层)                                                    | 2013年建 |                                 4室2厅 | 169.97平米                                  | 西南,https://ke-image.ljcdn.com/500000-inspection/test-6123d82e-26d2-4c96-8263-a8c2f64cc183.jpg!m_fill,w_280,h_210,f_jpg?from=ke.com
20191026,沙坪坝,烈士墓,烈士墓 金悦城 一室一厅 拎包入住 交通方便,65万,中楼层(共32层)                                                    | 2010年建 |                                 1室1厅 | 41.8平米                                  | 东,https://ke-image.ljcdn.com/500000-inspection/pc1_2kPCrK1xe_1.jpg!m_fill,w_280,h_210,f_jpg?from=ke.com
20191026,沙坪坝,烈士墓,烈士墓 翰林景园 三房  大阳台 简单装修 价格可谈,125万,中楼层(共18层)                                                    | 2002年建 |                                 3室2厅 | 125平米                                  | 东,https://ke-image.ljcdn.com/500000-inspection/prod-1634909a-dce7-4158-8827-6977d5fc9e33.jpg!m_fill,w_280,h_210,f_jpg?from=ke.com
20191026,沙坪坝,烈士墓,沙坪坝融创滨江壹号斜看江视野好,240万,中楼层(共32层)                                                4室2厅 | 149.5平米                                  | 东南,https://ke-image.ljcdn.com/500000-inspection/prod-44dcd8c9-0b46-42df-ad0b-3d949cf8553c.jpg!m_fill,w_280,h_210,f_jpg?from=ke.com
20191026,沙坪坝,烈士墓,住家精装修，满两年，看房方便，位置安静，安心出售。,110万,高楼层(共33层)                                                    | 2014年建 |                                 2室2厅 | 74平米                                  | 东南,https://ke-image.ljcdn.com/500000-inspection/prod-ba051bae-cf99-4c7b-bb71-80ddda1fc16f.jpg!m_fill,w_280,h_210,f_jpg?from=ke.com
20191026,沙坪坝,烈士墓,国盛三千城 两室一厅 住家装修 户型方正 采光充足,116万,低楼层(共37层)                                                    | 2014年建 |                                 4室1厅 | 77平米                                  | 东,https://ke-image.ljcdn.com/500000-inspection/pc1_VzUWywGJD.jpg!m_fill,w_280,h_210,f_jpg?from=ke.com
20191026,沙坪坝,烈士墓,滨江壹号二期洋房安静不吵闹，采光好，滨江资源,270万,中楼层(共7层)                                                    | 2017年建 |                                 4室2厅 | 158平米                                  | 南,https://ke-image.ljcdn.com/500000-inspection/prod-0804131e-26f6-46a5-8936-d975e4f502b7.jpg!m_fill,w_280,h_210,f_jpg?from=ke.com
20191026,沙坪坝,烈士墓,沙坪坝烈士墓翰林景园住家两房诚意出售,93万,低楼层(共18层)                                                    | 2002年建 |                                 2室2厅 | 81平米                                  | 东南,https://ke-image.ljcdn.com/500000-inspection/prod-399b91b8-1a14-46a9-8928-3c2a8c615e50.jpg!m_fill,w_280,h_210,f_jpg?from=ke.com
20191026,沙坪坝,烈士墓,三千城 正规清水两房 业主诚心出售,90万,低楼层(共33层)                                                    | 2017年建 |                                 2室2厅 | 67平米                                  | 北,https://ke-image.ljcdn.com/500000-inspection/pc1_aTzz9pVmh.jpg!m_fill,w_280,h_210,f_jpg?from=ke.com
20191026,沙坪坝,烈士墓,九鼎名都正规两室 户型方正 住家装修 生活配套完善,92万,低楼层(共21层)                                                    | 2013年建 |                                 2室2厅 | 70.77平米                                  | 东南,https://ke-image.ljcdn.com/500000-inspection/prod-50cc376a-06c9-428d-be96-832fe531197d.jpg!m_fill,w_280,h_210,f_jpg?from=ke.com
20191026,沙坪坝,烈士墓,国盛三千城 精装三房 户型方正 采光充足 拎包入住,168万,中楼层(共33层)                                                    | 2015年建 |                                 3室2厅 | 113.4平米                                  | 东南,https://ke-image.ljcdn.com/500000-inspection/prod-27ed77ab-98a4-400a-a74b-67b457b5360c.jpg!m_fill,w_280,h_210,f_jpg?from=ke.com
20191026,沙坪坝,烈士墓,石井坡 融创滨江壹号 两室室两厅 采光好朝向安静,100万,中楼层(共33层)                                                    | 2017年建 |                                 2室2厅 | 64.15平米                                  | 东南,https://ke-image.ljcdn.com/500000-inspection/prod-9c9f0a82-d648-44a4-ae31-5d6b12e40935.jpg!m_fill,w_280,h_210,f_jpg?from=ke.com
20191026,沙坪坝,烈士墓,金悦城 清水正规两房 住家安静小区环境好,110万,高楼层(共31层)                                                    | 2010年建 |                                 2室2厅 | 83平米                                  | 南,https://ke-image.ljcdn.com/500000-inspection/pc1_DAUzKiAQn_1.jpg!m_fill,w_280,h_210,f_jpg?from=ke.com
20191026,沙坪坝,烈士墓,磁器口旁 国盛三千城 清水两房 户型方正  适宜居家,93万,低楼层(共33层)                                                    | 2017年建 |                                 2室2厅 | 68平米                                  | 东,https://ke-image.ljcdn.com/500000-inspection/prod-40f9fe53-0351-4761-8ea5-9b8f65683808.jpg!m_fill,w_280,h_210,f_jpg?from=ke.com
20191026,沙坪坝,烈士墓,石井坡轻轨站，清水看江三房，配套齐全，采光好,180万,高楼层(共33层)                                                    | 2017年建 |                                 4室2厅 | 107平米                                  | 南,https://ke-image.ljcdn.com/500000-inspection/pc1_Z0LA4R9JJ.jpg!m_fill,w_280,h_210,f_jpg?from=ke.com
20191026,沙坪坝,烈士墓,烈士墓 金悦城 正规4房 户型方正 装修新 出行方便,190万,低楼层(共29层)                                                    | 2010年建 |                                 4室2厅 | 127.64平米                                  | 西南,https://ke-image.ljcdn.com/500000-inspection/prod-d66285c6-9ccd-4067-9a6a-5b8bec43ec3d.jpg!m_fill,w_280,h_210,f_jpg?from=ke.com
20191026,沙坪坝,烈士墓,翰林景园一室一厅 采光充足 看房方便  业主诚售,53万,中楼层(共18层)                                                    | 2002年建 |                                 1室1厅 | 46.62平米                                  | 东南,https://ke-image.ljcdn.com/500000-inspection/prod-bcf4c31b-2120-4bd0-ae0e-2535edd8658c.jpg!m_fill,w_280,h_210,f_jpg?from=ke.com
20191026,沙坪坝,烈士墓,此房是公寓，税费高，高，高，客户谨慎,80万,低楼层(共28层)                                                3室1厅 | 71平米                                  | 南,https://ke-image.ljcdn.com/500000-inspection/pc1_RqQYecFM3_1.jpg!m_fill,w_280,h_210,f_jpg?from=ke.com
20191026,沙坪坝,烈士墓,烈士墓轻轨旁 正规两室一厅 楼层采光好,95万,低楼层(共16层)                                                    | 2011年建 |                                 2室1厅 | 69.2平米                                  | 北,https://ke-image.ljcdn.com/500000-inspection/pc1_ZOGg7Bhz3_1.jpg!m_fill,w_280,h_210,f_jpg?from=ke.com
20191026,沙坪坝,烈士墓,举步磁器口 清水房可自主装修 大门口就是公交站,95万,低楼层(共33层)                                                    | 2015年建 |                                 1室1厅 | 71.32平米                                  | 南,https://ke-image.ljcdn.com/500000-inspection/prod-36185710-45d1-4e93-a67b-482b50956dda.jpg!m_fill,w_280,h_210,f_jpg?from=ke.com
20191026,沙坪坝,烈士墓,金融街金悦府 4室1厅 南,150万,中楼层(共31层)                                                4室1厅 | 114平米                                  | 南,https://ke-image.ljcdn.com/500000-inspection/pc1_uGrX17drx_1.jpg!m_fill,w_280,h_210,f_jpg?from=ke.com
20191026,沙坪坝,烈士墓,磁器口轻轨旁 住家装修 拎包入住,60万,中楼层(共18层)                                                    | 2006年建 |                                 1室1厅 | 45.36平米                                  | 东,https://ke-image.ljcdn.com/500000-inspection/prod-09c99e49-1296-4e6a-baeb-4c5049bcc20e.jpg!m_fill,w_280,h_210,f_jpg?from=ke.com
20191026,沙坪坝,烈士墓,已满两年，清水三房，位置安静，随时可看,150万,低楼层(共33层)                                                    | 2014年建 |                                 3室2厅 | 111平米                                  | 南 北,https://ke-image.ljcdn.com/500000-inspection/prod-3741439f-71c7-4830-aad9-a8b6db0c84ad.jpg!m_fill,w_280,h_210,f_jpg?from=ke.com
20191026,沙坪坝,烈士墓,房子满两年，采光充足，居家安静，业主诚心卖,125万,低楼层(共33层)                                                    | 2015年建 |                                 2室1厅 | 81平米                                  | 东南,https://ke-image.ljcdn.com/500000-inspection/prod-a067cb90-f393-4fbb-b0b0-ed4f3d526651.jpg!m_fill,w_280,h_210,f_jpg?from=ke.com
20191026,沙坪坝,烈士墓,国盛三千城  精装修  正规的两室两厅带外阳台,107万,低楼层(共33层)                                                    | 2017年建 |                                 2室2厅 | 67平米                                  | 东北,https://ke-image.ljcdn.com/500000-inspection/prod-33306cd4-3bee-4cec-9db9-84c57d6ab00d.jpg!m_fill,w_280,h_210,f_jpg?from=ke.com
20191026,沙坪坝,烈士墓,烈士墓轻轨旁 金悦城 两房双卫 诚心出售,135万,高楼层(共30层)                                                    | 2010年建 |                                 2室1厅 | 95平米                                  | 南,https://ke-image.ljcdn.com/500000-inspection/pc1_PFifCOPJQ_1.jpg!m_fill,w_280,h_210,f_jpg?from=ke.com
20191026,沙坪坝,烈士墓,九鼎名都正规一室  户型方正 住家装修  业主诚售,60万,中楼层(共18层)                                                    | 2006年建 |                                 2室1厅 | 45平米                                  | 东,https://ke-image.ljcdn.com/500000-inspection/pc1_kYYy01B52_1.jpg!m_fill,w_280,h_210,f_jpg?from=ke.com
20191026,沙坪坝,烈士墓,金融街金悦府精装小三房 拎包入住 户型方正,130万,中楼层(共31层)                                                3室2厅 | 78平米                                  | 东,https://ke-image.ljcdn.com/500000-inspection/pc1_S1oPSamaM_1.jpg!m_fill,w_280,h_210,f_jpg?from=ke.com
20191026,沙坪坝,烈士墓,磁器口轻轨旁，精装修，开放厨房,75万,低楼层(共21层)                                                    | 2013年建 |                                 2室1厅 | 50平米                                  | 东,https://ke-image.ljcdn.com/500000-inspection/pc1_6I3eEEtnz_1.jpg!m_fill,w_280,h_210,f_jpg?from=ke.com
20191026,沙坪坝,烈士墓,海航新街 精装两房 户型方正 朝向安静 采光充足,95万,中楼层(共16层)                                                    | 2011年建 |                                 2室1厅 | 70平米                                  | 西南,https://ke-image.ljcdn.com/500000-inspection/prod-7f626138-d06f-4f5a-98e9-93bf542bdda9.jpg!m_fill,w_280,h_210,f_jpg?from=ke.com
20191026,沙坪坝,烈士墓,三千城正规大两室  户型方正  采光充足  看房方便,109万,中楼层(共33层)                                                    | 2016年建 |                                 2室1厅 | 88.57平米                                  | 东南,https://ke-image.ljcdn.com/500000-inspection/pc1_NajPwrBnb.jpg!m_fill,w_280,h_210,f_jpg?from=ke.com
20191026,沙坪坝,烈士墓,翰林景园 正规两房 采光充足 配套齐全,100万,高楼层(共10层)                                                    | 2008年建 |                                 2室2厅 | 91.44平米                                  | 东南,https://ke-image.ljcdn.com/500000-inspection/prod-235e3762-90e3-43f1-ab9b-f106ad6d04e4.jpg!m_fill,w_280,h_210,f_jpg?from=ke.com
20191026,沙坪坝,烈士墓,沙坪坝 九鼎名都 精装三房两卫 装修好拎包入住,150万,高楼层(共32层)                                                    | 2013年建 |                                 3室2厅 | 119.65平米                                  | 南 北,https://ke-image.ljcdn.com/500000-inspection/prod-d286370a-d936-41b1-abca-751132dcd566.jpg!m_fill,w_280,h_210,f_jpg?from=ke.com
20191026,沙坪坝,烈士墓,沙坪坝 九鼎名都 精装三房两卫 装修好拎包入住,150万,高楼层(共32层)                                                    | 2013年建 |                                 3室2厅 | 119.65平米                                  | 南 北,https://ke-image.ljcdn.com/500000-inspection/prod-d286370a-d936-41b1-abca-751132dcd566.jpg!m_fill,w_280,h_210,f_jpg?from=ke.com
20191026,沙坪坝,烈士墓,轻轨旁 交通便利 稀有清水两房两卫户型,135万,低楼层(共29层)                                                    | 2010年建 |                                 2室2厅 | 95平米                                  | 东,https://ke-image.ljcdn.com/500000-inspection/pc1_LB1nRa785_1.jpg!m_fill,w_280,h_210,f_jpg?from=ke.com
20191026,沙坪坝,烈士墓,目前难得的清水房，业主诚心出售。,128万,中楼层(共18层)                                                    | 2002年建 |                                 3室2厅 | 124.46平米                                  | 南,https://ke-image.ljcdn.com/500000-inspection/prod-6f6ae40e-378d-4d17-b569-b9161585c53c.jpg!m_fill,w_280,h_210,f_jpg?from=ke.com
20191026,沙坪坝,烈士墓,金星花园 3室2厅 东,83万,高楼层(共8层)                                                3室2厅 | 83.5平米                                  | 东,https://ke-image.ljcdn.com/500000-inspection/pc1_hcn06hrfC_1.jpg!m_fill,w_280,h_210,f_jpg?from=ke.com
20191026,沙坪坝,烈士墓,金悦城正三房落地窗带车位诚心出售,188万,低楼层(共31层)                                                    | 2010年建 |                                 3室2厅 | 113.37平米                                  | 东南,https://ke-image.ljcdn.com/500000-inspection/pc1_fz5OkzHma_1.jpg!m_fill,w_280,h_210,f_jpg?from=ke.com
20191026,沙坪坝,烈士墓,板式结构 户型通透 朝向安静 视野棒,153万,中楼层(共18层)                                                    | 2002年建 |                                 4室2厅 | 158平米                                  | 东,https://ke-image.ljcdn.com/500000-inspection/pc1_56VdzeSXh_1.jpg!m_fill,w_280,h_210,f_jpg?from=ke.com
20191026,沙坪坝,烈士墓,正规大两房 低楼层 更适合老年人,98万,低楼层(共18层)                                                    | 2002年建 |                                 2室1厅 | 83平米                                  | 南,https://ke-image.ljcdn.com/500000-inspection/prod-1616962c-a987-4f11-bef6-2e4641090057.jpg!m_fill,w_280,h_210,f_jpg?from=ke.com
20191026,沙坪坝,烈士墓,金星花园正规三房户型方正安静适合居家,86万,低楼层(共7层)                                                    | 2007年建 |                                 3室1厅 | 90平米                                  | 东,https://ke-image.ljcdn.com/500000-inspection/prod-14f83b26-a27f-4faa-8bf0-f305a41e4802.jpg!m_fill,w_280,h_210,f_jpg?from=ke.com
20191026,沙坪坝,烈士墓,烈士墓 翰林景园 三房两卫 带20O大阳台 户型好,142万,中楼层(共18层)                                                    | 2002年建 |                                 3室2厅 | 157.05平米                                  | 西,https://ke-image.ljcdn.com/500000-inspection/prod-0c641663-406f-4892-aa08-880efc4b6fa9.jpg!m_fill,w_280,h_210,f_jpg?from=ke.com
20191026,沙坪坝,烈士墓,金融街金悦府，正规四房，户型方正，采光充足,170万,中楼层(共32层)                                                4室2厅 | 128平米                                  | 东南,https://ke-image.ljcdn.com/500000-inspection/pc1_xunJpGKZP_1.jpg!m_fill,w_280,h_210,f_jpg?from=ke.com
20191026,沙坪坝,烈士墓,金悦城 清水正规两房 住家安静小区环境好,125万,低楼层(共31层)                                                    | 2010年建 |                                 2室1厅 | 88.35平米                                  | 南,https://ke-image.ljcdn.com/500000-inspection/pc1_RAwKwRekf_1.jpg!m_fill,w_280,h_210,f_jpg?from=ke.com
20191026,沙坪坝,烈士墓,融创滨江壹号 正规两房 户型方正,100万,低楼层(共26层)                                                    | 2017年建 |                                 2室2厅 | 64平米                                  | 南,https://ke-image.ljcdn.com/500000-inspection/prod-2f006523-41d2-464c-adec-127187f5389e.jpg!m_fill,w_280,h_210,f_jpg?from=ke.com
20191026,沙坪坝,烈士墓,园林式小区，户型无浪费空间，金融街品质大盘,95万,低楼层(共24层)                                                2室1厅 | 79平米                                  | 东南,https://ke-image.ljcdn.com/500000-inspection/prod-b3d73f03-567a-4a8b-aa1c-ec4ece554a9c.jpg!m_fill,w_280,h_210,f_jpg?from=ke.com
20191026,沙坪坝,烈士墓,轻轨楼盘 正规一室 朝向好 价改美丽 业主安心卖,60万,中楼层(共18层)                                                    | 2006年建 |                                 1室1厅 | 43平米                                  | 西南,https://ke-image.ljcdn.com/500000-inspection/prod-dd48e068-4415-4bfb-86b4-beb3cee024bd.jpg!m_fill,w_280,h_210,f_jpg?from=ke.com
20191026,沙坪坝,烈士墓,三千城 标准一室一厅 空间大 业主诚心出售,75万,高楼层(共33层)                                                    | 2016年建 |                                 1室1厅 | 59平米                                  | 西南,https://ke-image.ljcdn.com/500000-inspection/pc1_FSxV5ThzC.jpg!m_fill,w_280,h_210,f_jpg?from=ke.com
20191026,沙坪坝,烈士墓,烈士墓 轻轨旁 清水户型  朝向安静,95万,高楼层(共31层)                                                    | 2010年建 |                                 1室1厅 | 65.1平米                                  | 南 北,https://ke-image.ljcdn.com/500000-inspection/prod-182a3ff2-f702-4683-b098-096578d86020.jpg!m_fill,w_280,h_210,f_jpg?from=ke.com
20191026,沙坪坝,烈士墓,融创滨江壹号侧看江户型 正规三房 高楼层视野好,180万,高楼层(共41层)                                                    | 2017年建 |                                 3室2厅 | 113平米                                  | 东南,https://ke-image.ljcdn.com/500000-inspection/pc1_W51z5wGOM.jpg!m_fill,w_280,h_210,f_jpg?from=ke.com
20191026,沙坪坝,烈士墓,九鼎名都住家一室，住家安静出行方便，中高楼层采光好,48万,低楼层(共31层)                                                    | 2006年建 |                                 1室1厅 | 35.5平米                                  | 东,https://ke-image.ljcdn.com/500000-inspection/prod-2c0e1a56-2136-4a8b-9ce8-d0b73e256b85.jpg!m_fill,w_280,h_210,f_jpg?from=ke.com
20191026,沙坪坝,烈士墓,韩林景园   正规两室   住家装修   朝向安静,104万,低楼层(共18层)                                                    | 2002年建 |                                 2室1厅 | 88.3平米                                  | 东南,https://ke-image.ljcdn.com/500000-inspection/pc1_Y0ZPSXbRk_1.jpg!m_fill,w_280,h_210,f_jpg?from=ke.com
20191026,沙坪坝,烈士墓,沙坪坝 翰林景园 住家装修 采光好 拎包入住 安静,100万,中楼层(共11层)                                                    | 2002年建 |                                 2室2厅 | 94.38平米                                  | 东,https://ke-image.ljcdn.com/500000-inspection/prod-7b336c24-3fc8-4fe7-9f5d-333701d151fa.jpg!m_fill,w_280,h_210,f_jpg?from=ke.com
20191026,沙坪坝,烈士墓,磁器口旁 装修两房 户型方正 居家安静 出行方便,115万,中楼层(共37层)                                                    | 2014年建 |                                 2室2厅 | 83.96平米                                  | 东南,https://ke-image.ljcdn.com/500000-inspection/prod-e182eeea-988e-4244-b4c3-625bf27ce5f2.jpg!m_fill,w_280,h_210,f_jpg?from=ke.com
20191026,沙坪坝,烈士墓,烈士墓 金悦府 轻轨站 正规三房 小区新 出行方便,130万,中楼层(共31层)                                                3室1厅 | 90.88平米                                  | 东南,https://ke-image.ljcdn.com/500000-inspection/prod-a71a3321-8cbb-4b45-8163-3019a20766a2.jpg!m_fill,w_280,h_210,f_jpg?from=ke.com
20191026,沙坪坝,烈士墓,国盛三千城 1室1厅 东南,90万,低楼层(共33层)                                                1室1厅 | 62平米                                  | 东南,https://ke-image.ljcdn.com/500000-inspection/prod-69291605-9483-482b-8fe3-418732f24394.jpg!m_fill,w_280,h_210,f_jpg?from=ke.com
20191026,沙坪坝,烈士墓,清水两室+两梯六户+总高10层+看房方便+安心卖,90万,低楼层(共33层)                                                    | 2017年建 |                                 2室2厅 | 66平米                                  | 东,https://ke-image.ljcdn.com/500000-inspection/prod-f06f6cda-ae1c-4b9e-a268-f6ce2c21e4ec.jpg!m_fill,w_280,h_210,f_jpg?from=ke.com
20191026,沙坪坝,烈士墓,滨江壹号二期洋房安静不吵闹，采光好，滨江资源,298万,中楼层(共8层)                                                    | 2017年建 |                                 4室2厅 | 157平米                                  | 西南,https://ke-image.ljcdn.com/500000-inspection/prod-c09d5441-46b4-4fd7-9ba1-7e7c1826038c.jpg!m_fill,w_280,h_210,f_jpg?from=ke.com
20191026,沙坪坝,烈士墓,金悦锦城 1室1厅 南,75万,低楼层(共24层)                                                1室1厅 | 59平米                                  | 南,https://ke-image.ljcdn.com/500000-inspection/prod-986d8f15-3f21-43c8-9513-400d8b6ca1e4.jpg!m_fill,w_280,h_210,f_jpg?from=ke.com
20191026,沙坪坝,烈士墓,烈士墓 金悦府 清水小三房 户型方正 诚心卖 急售,115万,中楼层(共31层)                                                3室1厅 | 78.3平米                                  | 东南,https://ke-image.ljcdn.com/500000-inspection/pc1_YQ6fORCCi_1.jpg!m_fill,w_280,h_210,f_jpg?from=ke.com
20191026,沙坪坝,烈士墓,磁器古镇 正规两房 举步沙滨路 出行便捷,89万,高楼层(共33层)                                                    | 2017年建 |                                 2室2厅 | 66.46平米                                  | 东南,https://ke-image.ljcdn.com/500000-inspection/prod-a915c80a-3650-420b-bf7a-a7546ee28aeb.jpg!m_fill,w_280,h_210,f_jpg?from=ke.com
20191026,沙坪坝,烈士墓,沙坪坝奇峰云邸看中庭户型诚心出售,130万,中楼层(共6层)                                                    | 2013年建 |                                 4室2厅 | 144.19平米                                  | 东南,https://ke-image.ljcdn.com/500000-inspection/prod-de9fa0cd-183a-4258-9410-01ab68afd955.jpg!m_fill,w_280,h_210,f_jpg?from=ke.com
20191026,沙坪坝,烈士墓,融创滨江壹号 4室2厅 西北,220万,高楼层(共41层)                                                    | 2017年建 |                                 4室2厅 | 136.58平米                                  | 西北,https://ke-image.ljcdn.com/500000-inspection/pc1_IBpF8K0ml_1.jpg!m_fill,w_280,h_210,f_jpg?from=ke.com
20191026,沙坪坝,烈士墓,此房是正规三居室，户型方正，采光好，中高楼层,145万,中楼层(共32层)                                                3室2厅 | 103平米                                  | 南,https://ke-image.ljcdn.com/500000-inspection/pc1_kT0ycfOht_1.jpg!m_fill,w_280,h_210,f_jpg?from=ke.com
20191026,沙坪坝,烈士墓,九鼎名都业主住家精装 单间配套,63万,高楼层(共18层)                                                    | 2006年建 |                                 1室1厅 | 42.38平米                                  | 西南,https://ke-image.ljcdn.com/500000-inspection/prod-dcaff939-32e1-4af4-b806-fc91a06fe824.jpg!m_fill,w_280,h_210,f_jpg?from=ke.com
20191026,沙坪坝,烈士墓,此房屋交通便利，户型方正，视野开阔，可看江。,235万,低楼层(共32层)                                                    | 2018年建 |                                 4室2厅 | 150平米                                  | 西南,https://ke-image.ljcdn.com/500000-inspection/prod-33bc2d87-7855-4452-85b7-974a2c251898.jpg!m_fill,w_280,h_210,f_jpg?from=ke.com
20191026,沙坪坝,烈士墓,融创滨江壹号 3室2厅 东南,168万,低楼层(共41层)                                                    | 2017年建 |                                 3室2厅 | 114平米                                  | 东南,https://ke-image.ljcdn.com/500000-inspection/pc1_qhNiPN1w8.jpg!m_fill,w_280,h_210,f_jpg?from=ke.com
20191026,沙坪坝,烈士墓,国盛三千城 2室1厅 南,85万,高楼层(共33层)                                                    | 2016年建 |                                 2室1厅 | 59.34平米                                  | 南,https://ke-image.ljcdn.com/500000-inspection/pc1_FZInZhBhi.jpg!m_fill,w_280,h_210,f_jpg?from=ke.com
20191026,沙坪坝,烈士墓,翰林景园 跃层住家装修 朝向安静采光好居家舒适,155万,中楼层(共18层)                                                    | 2002年建 |                                 6室3厅 | 100平米                                  | 北,https://ke-image.ljcdn.com/500000-inspection/prod-61ec534a-a80d-441f-9e82-3cd7fe4baf2d.jpg!m_fill,w_280,h_210,f_jpg?from=ke.com
20191026,沙坪坝,烈士墓,海航新街口 精装两房 拎包入住,105万,低楼层(共16层)                                                    | 2011年建 |                                 2室2厅 | 81.41平米                                  | 东,https://ke-image.ljcdn.com/500000-inspection/prod-ca9e1765-a86b-40ee-9690-171048760da5.jpg!m_fill,w_280,h_210,f_jpg?from=ke.com
20191026,沙坪坝,烈士墓,九鼎名都正规一室一厅，出行方便,73万,中楼层(共21层)                                                    | 2013年建 |                                 1室1厅 | 50平米                                  | 东南,https://ke-image.ljcdn.com/500000-inspection/prod-9f844b02-5769-467c-90bd-f167811c30ea.jpg!m_fill,w_280,h_210,f_jpg?from=ke.com
20191026,沙坪坝,烈士墓,国盛三千城正规一室一厅，清水房,75万,低楼层(共33层)                                                    | 2016年建 |                                 1室1厅 | 61.41平米                                  | 南,https://ke-image.ljcdn.com/500000-inspection/prod-a3476d7b-b41f-4aee-b934-0973b6b558bd.jpg!m_fill,w_280,h_210,f_jpg?from=ke.com
20191026,沙坪坝,烈士墓,翰林景园  住家装修，两房，朝向安静，阳台视野好。,100万,低楼层(共11层)                                                    | 2002年建 |                                 2室1厅 | 94平米                                  | 南,https://ke-image.ljcdn.com/500000-inspection/prod-56358560-6437-4b50-bc67-37e2922cf31d.jpg!m_fill,w_280,h_210,f_jpg?from=ke.com
20191026,沙坪坝,烈士墓,烈士墓轻轨站，次新房，正规三房双卫，总价低,170万,高楼层(共24层)                                                3室1厅 | 105平米                                  | 东南,https://ke-image.ljcdn.com/500000-inspection/prod-2e755d25-b125-47e9-b5fc-dcc49b73387d.jpg!m_fill,w_280,h_210,f_jpg?from=ke.com
20191026,沙坪坝,烈士墓,沙坪坝烈士墓 翰林景园跃层两房 买一得一 使用面积大,145万,中楼层(共18层)                                                    | 2002年建 |                                 4室4厅 | 86平米                                  | 南 北,https://ke-image.ljcdn.com/500000-inspection/pc1_sGwr2hyLu_1.jpg!m_fill,w_280,h_210,f_jpg?from=ke.com
20191026,沙坪坝,烈士墓,房龄较新，产权清晰，交易便捷，清水房，随心装修。,80万,高楼层(共33层)                                                    | 2016年建 |                                 2室1厅 | 58平米                                  | 东,https://ke-image.ljcdn.com/hdic-frame/prod-c0363577-e2b3-4e32-b095-01a57f0079df.png!m_fill,w_280,h_210,f_jpg?from=ke.com
20191026,沙坪坝,烈士墓,轻轨楼盘 海航新街 精装单配 拎包入住,43.5万,高楼层(共16层)                                                    | 2011年建 |                                 1室0厅 | 34.43平米                                  | 东南,https://ke-image.ljcdn.com/500000-inspection/prod-940ac014-b2fe-4818-bbaa-282abcb541c0.jpg!m_fill,w_280,h_210,f_jpg?from=ke.com
20191026,沙坪坝,烈士墓,烈士墓 正规单间配套 精装修 楼层采光好,70万,中楼层(共32层)                                                    | 2010年建 |                                 1室0厅 | 42.23平米                                  | 东南,https://ke-image.ljcdn.com/500000-inspection/pc1_ZegmmtD3b_1.jpg!m_fill,w_280,h_210,f_jpg?from=ke.com
20191026,沙坪坝,烈士墓,金悦府清水三房 户型方正 采光充足 视野开阔 中间楼层,142万,中楼层(共31层)                                                3室2厅 | 98平米                                  | 南,https://ke-image.ljcdn.com/500000-inspection/prod-3546edf0-c3e6-4a07-90d5-65d356a11ad3.jpg!m_fill,w_280,h_210,f_jpg?from=ke.com
20191026,沙坪坝,烈士墓,金悦城 3室1厅 东南,175万,中楼层(共29层)                                                    | 2010年建 |                                 3室1厅 | 113.34平米                                  | 东南,https://ke-image.ljcdn.com/500000-inspection/prod-35830e84-8e4a-4054-ba0c-926cece38bd4.jpg!m_fill,w_280,h_210,f_jpg?from=ke.com
20191026,沙坪坝,烈士墓,沙坪坝杨公桥奇峰云邸四室两厅清水房诚心出售,145万,中楼层(共6层)                                                    | 2014年建 |                                 4室2厅 | 144.19平米                                  | 东南,https://ke-image.ljcdn.com/500000-inspection/prod-d0d67743-11ec-4d5e-866a-07d569a6c6f5.jpg!m_fill,w_280,h_210,f_jpg?from=ke.com
20191026,沙坪坝,烈士墓,烈士墓花园小区房 正规小三房 住家装修 拎包入住新上,108万,中楼层(共25层)                                                3室1厅 | 73.3平米                                  | 东,https://ke-image.ljcdn.com/500000-inspection/prod-9728829f-e8ca-440b-a482-7c34ff099922.jpg!m_fill,w_280,h_210,f_jpg?from=ke.com
20191026,沙坪坝,烈士墓,此房屋是正规的四房三卫户型，大阳台，采光充足,230万,低楼层(共32层)                                                    | 2017年建 |                                 4室2厅 | 149.26平米                                  | 东,https://ke-image.ljcdn.com/500000-inspection/prod-a8670cd7-8147-47c2-8253-970ca8501d72.jpg!m_fill,w_280,h_210,f_jpg?from=ke.com
20191026,沙坪坝,烈士墓,沙坪坝 金融街金悦城 正规两房 住家装修 带家具家电,130万,低楼层(共31层)                                                    | 2010年建 |                                 2室1厅 | 88.57平米                                  | 西南,https://ke-image.ljcdn.com/500000-inspection/prod-b9077919-5092-49ba-9774-001121994690.jpg!m_fill,w_280,h_210,f_jpg?from=ke.com
20191026,沙坪坝,烈士墓,清水三房两卫+地铁+中庭+随心装修+端头+诚心卖,140万,低楼层(共32层)                                                    | 2018年建 |                                 3室2厅 | 97平米                                  | 东南,https://ke-image.ljcdn.com/500000-inspection/prod-9eeb72cd-a511-4473-bf22-2b01aeb49994.jpg!m_fill,w_280,h_210,f_jpg?from=ke.com
20191026,沙坪坝,烈士墓,金悦城精装单间配套，交通便利。,53万,高楼层(共32层)                                                    | 2010年建 |                                 1室1厅 | 33.74平米                                  | 东南,https://ke-image.ljcdn.com/500000-inspection/prod-3c3c7462-5b6d-4c89-97a1-853ae26a810d.jpg!m_fill,w_280,h_210,f_jpg?from=ke.com
20191026,沙坪坝,烈士墓,融创滨江壹号 正规三房双卫主卧带阳台 采光好 可看江,180万,中楼层(共41层)                                                    | 2017年建 |                                 3室2厅 | 113平米                                  | 东北,https://ke-image.ljcdn.com/500000-inspection/prod-6583b98b-bef8-4637-99af-b9c2755fef2e.jpg!m_fill,w_280,h_210,f_jpg?from=ke.com
20191026,沙坪坝,烈士墓,磁器口旁  三千城 精装大三房 可拎包入住 业主急售,155万,中楼层(共37层)                                                    | 2014年建 |                                 3室1厅 | 111.32平米                                  | 北 东南,https://ke-image.ljcdn.com/500000-inspection/prod-79b3bff3-3b48-41b4-856e-bb670395a716.jpg!m_fill,w_280,h_210,f_jpg?from=ke.com
20191026,沙坪坝,烈士墓,交通方便，配套齐全，户型方正，朝向安静,160万,低楼层(共31层)                                                3室2厅 | 85平米                                  | 东南,https://ke-image.ljcdn.com/500000-inspection/pc1_aUuw6bpRt_1.jpg!m_fill,w_280,h_210,f_jpg?from=ke.com
20191026,沙坪坝,烈士墓,九鼎名都住家一室，住家安静出行方便，中高楼层采光好,62万,高楼层(共18层)                                                    | 2006年建 |                                 1室0厅 | 45.15平米                                  | 南,https://ke-image.ljcdn.com/500000-inspection/prod-602a21c1-5dd9-4050-b632-979b3b5d5cdd.jpg!m_fill,w_280,h_210,f_jpg?from=ke.com
20191026,沙坪坝,烈士墓,翰林景园正规三房两卫，居家舒适交通便利,170万,低楼层(共18层)                                                    | 2002年建 |                                 3室1厅 | 150平米                                  | 南,https://ke-image.ljcdn.com/500000-inspection/prod-80f971f3-0920-40ff-8d1c-ea29b6c68779.jpg!m_fill,w_280,h_210,f_jpg?from=ke.com
20191026,沙坪坝,烈士墓,烈士墓轻轨站 正规两房 户型方正 住家装修,130万,中楼层(共30层)                                                    | 2010年建 |                                 2室1厅 | 83.88平米                                  | 东南,https://ke-image.ljcdn.com/500000-inspection/test-ad5062fd-03bd-42a6-a5c3-c649251a3790.png!m_fill,w_280,h_210,f_jpg?from=ke.com
20191026,沙坪坝,烈士墓,歌乐山公园四房+无增值税+随时看房，清水随意装修！,150万,低楼层(共6层)                                                4室2厅 | 160.89平米                                  | 南,https://ke-image.ljcdn.com/500000-inspection/prod-90b1116e-78c4-4cfb-a0fc-96e73a508c79.jpg!m_fill,w_280,h_210,f_jpg?from=ke.com
20191026,沙坪坝,烈士墓,融创滨江壹号 正规两房 中间楼层 户型方正,100万,中楼层(共26层)                                                    | 2017年建 |                                 2室1厅 | 64平米                                  | 东南,https://ke-image.ljcdn.com/500000-inspection/prod-c1b86af9-95b2-47c2-84e6-2b6357ba2cff.jpg!m_fill,w_280,h_210,f_jpg?from=ke.com
20191026,沙坪坝,烈士墓,九鼎名都正规两室 户型方正 住家精装修,103万,高楼层(共21层)                                                    | 2013年建 |                                 2室1厅 | 71平米                                  | 南,https://ke-image.ljcdn.com/500000-inspection/pc1_sTpuLA2p6_1.jpg!m_fill,w_280,h_210,f_jpg?from=ke.com
20191026,沙坪坝,烈士墓,网红景区磁器口旁，出行购物方便。住家好选择,50万,高楼层(共16层)                                                    | 2011年建 |                                 1室1厅 | 36平米                                  | 东,https://ke-image.ljcdn.com/500000-inspection/prod-0fbcadc7-c685-4890-8d95-3831cac9a4f0.jpg!m_fill,w_280,h_210,f_jpg?from=ke.com
20191026,沙坪坝,烈士墓,烈士墓轻轨站旁，次新小区，清水大三房，随时可看房,170万,高楼层(共24层)                                                3室1厅 | 105平米                                  | 东南,https://ke-image.ljcdn.com/500000-inspection/prod-281973a6-5dca-4ba9-997b-c33f7e0cca0d.jpg!m_fill,w_280,h_210,f_jpg?from=ke.com
20191026,沙坪坝,烈士墓,此房为南北朝向，格局合理无浪费面积，诚心售房，,115万,高楼层(共33层)                                                    | 2014年建 |                                 2室2厅 | 72.5平米                                  | 南,https://ke-image.ljcdn.com/500000-inspection/prod-75d75c02-b033-4793-bfa2-88ac4d02282c.jpg!m_fill,w_280,h_210,f_jpg?from=ke.com
20191026,沙坪坝,烈士墓,烈士墓正规大三房 精装修 楼层采光好,140万,中楼层(共12层)                                                    | 2002年建 |                                 3室2厅 | 119平米                                  | 南,https://ke-image.ljcdn.com/500000-inspection/pc1_drJqN2b4t_1.jpg!m_fill,w_280,h_210,f_jpg?from=ke.com
20191026,沙坪坝,烈士墓,九鼎名都 2室1厅 东,60万,高楼层(共18层)                                                    | 2006年建 |                                 2室1厅 | 43平米                                  | 东,https://ke-image.ljcdn.com/500000-inspection/pc1_WETbk4qxP_1.jpg!m_fill,w_280,h_210,f_jpg?from=ke.com
20191026,沙坪坝,烈士墓,房子格局分明，视野宽阔，采光充足，设施配套齐。,143万,高楼层(共31层)                                                    | 2010年建 |                                 3室2厅 | 95.74平米                                  | 东南,https://ke-image.ljcdn.com/500000-inspection/prod-735451fa-9633-41a8-941a-86577028adb9.jpg!m_fill,w_280,h_210,f_jpg?from=ke.com
20191026,沙坪坝,烈士墓,融创滨江壹号大平层，户型方正，楼层适中,185万,中楼层(共41层)                                                    | 2017年建 |                                 3室2厅 | 112.95平米                                  | 东,https://ke-image.ljcdn.com/500000-inspection/prod-a3cd8167-ba69-4d74-9d53-cb3de0d778ee.jpg!m_fill,w_280,h_210,f_jpg?from=ke.com
20191026,沙坪坝,烈士墓,三千城正规一室  简单装修  卧室大  看房提前联系新上,78万,低楼层(共33层)                                                    | 2016年建 |                                 1室1厅 | 59平米                                  | 东南,https://ke-image.ljcdn.com/500000-inspection/test-7d4fc427-866d-42ec-82aa-2ab06476f92c.png!m_fill,w_280,h_210,f_jpg?from=ke.com
20191026,沙坪坝,烈士墓,九鼎名都 正规两房 精装修 楼层采光好,130万,高楼层(共32层)                                                    | 2013年建 |                                 2室2厅 | 80平米                                  | 南,https://ke-image.ljcdn.com/500000-inspection/pc1_elJQ3B0Wk_1.jpg!m_fill,w_280,h_210,f_jpg?from=ke.com
20191026,沙坪坝,烈士墓,磁器口 轻轨旁 精装修 拎包入住,110万,中楼层(共32层)                                                    | 2013年建 |                                 2室2厅 | 71.36平米                                  | 北,https://ke-image.ljcdn.com/500000-inspection/prod-2cef42c4-b7b0-4f56-b4ce-59fa46f5c882.jpg!m_fill,w_280,h_210,f_jpg?from=ke.com
20191026,沙坪坝,烈士墓,举步磁器口 正规三房 户型方正 交通便捷,135万,高楼层(共32层)                                                    | 2017年建 |                                 3室2厅 | 93平米                                  | 东南,https://ke-image.ljcdn.com/500000-inspection/prod-9b6bd791-1134-4a89-adfb-04d945aef896.jpg!m_fill,w_280,h_210,f_jpg?from=ke.com
20191026,沙坪坝,烈士墓,三千城正规两室  户型方正  采光充足  业主诚售,100万,中楼层(共33层)                                                    | 2016年建 |                                 2室1厅 | 70平米                                  | 东南,https://ke-image.ljcdn.com/500000-inspection/pc1_JsKRzUMKw.jpg!m_fill,w_280,h_210,f_jpg?from=ke.com
20191026,沙坪坝,烈士墓,沙坪坝区 烈士墓地铁站旁 金悦府 端头  正规三房两卫,140万,高楼层(共32层)                                                    | 2018年建 |                                 3室1厅 | 97.5平米                                  | 西,https://ke-image.ljcdn.com/500000-inspection/prod-147eeefd-1984-4051-8154-ca580cdc924a.jpg!m_fill,w_280,h_210,f_jpg?from=ke.com
20191026,沙坪坝,烈士墓,精装两房 户型方正 采光好 住家安静 交通方便,130万,低楼层(共31层)                                                    | 2010年建 |                                 2室2厅 | 88.57平米                                  | 南,https://ke-image.ljcdn.com/500000-inspection/prod-5cd506b6-f169-4afa-bb94-f524b5b17f72.jpg!m_fill,w_280,h_210,f_jpg?from=ke.com
20191026,沙坪坝,烈士墓,国盛三千城 1室1厅 北,88万,低楼层(共33层)                                                    | 2016年建 |                                 1室1厅 | 59平米                                  | 北,https://ke-image.ljcdn.com/500000-inspection/pc1_lKVdhJuET.jpg!m_fill,w_280,h_210,f_jpg?from=ke.com
20191026,沙坪坝,烈士墓,金悦府清水三房 户型方正 采光充足 视野开阔 业主诚售,133万,高楼层(共32层)                                                    | 2018年建 |                                 3室2厅 | 90平米                                  | 北,https://ke-image.ljcdn.com/500000-inspection/prod-82a78f4e-05c6-4302-aadc-4a812f5f4a4c.png!m_fill,w_280,h_210,f_jpg?from=ke.com
20191026,沙坪坝,烈士墓,此房诚心出售，户型方正，产权清晰，交易方便。,133万,低楼层(共32层)                                                    | 2018年建 |                                 3室1厅 | 90.75平米                                  | 东南,https://ke-image.ljcdn.com/500000-inspection/prod-e804534a-235d-47ff-8b83-29d6cc9ef82e.jpg!m_fill,w_280,h_210,f_jpg?from=ke.com
20191026,沙坪坝,烈士墓,国盛三千城 2室2厅 东南新上,80万,高楼层(共33层)                                                2室2厅 | 59平米                                  | 东南,https://ke-image.ljcdn.com/500000-inspection/prod-b45fbf35-15df-4421-a430-6cb0bd3c5215.jpg!m_fill,w_280,h_210,f_jpg?from=ke.com
20191026,沙坪坝,烈士墓,九鼎名都正规两房  户型方正 住家精装修  拎包入住,130万,低楼层(共32层)                                                    | 2013年建 |                                 2室2厅 | 80平米                                  | 南,https://ke-image.ljcdn.com/500000-inspection/prod-5fdbcc6a-fd3b-4870-a2ed-58bbe8dff646.jpg!m_fill,w_280,h_210,f_jpg?from=ke.com
20191026,沙坪坝,烈士墓,翰林景园    正规三房   交通便利,160万,中楼层(共18层)                                                    | 2002年建 |                                 3室2厅 | 144平米                                  | 南,https://ke-image.ljcdn.com/500000-inspection/pc1_I515gpJq9_1.jpg!m_fill,w_280,h_210,f_jpg?from=ke.com
20191026,沙坪坝,烈士墓,烈士墓 轻轨站 金融街金悦城 精装修 拎包入住新上,116万,低楼层(共29层)                                                    | 2010年建 |                                 2室2厅 | 82.68平米                                  | 东南,https://ke-image.ljcdn.com/500000-inspection/pc1_Gh2bF9yd3_1.jpg!m_fill,w_280,h_210,f_jpg?from=ke.com
20191026,沙坪坝,烈士墓,烈士墓轻轨站 海航新街 正规两房 出行方便,100万,高楼层(共16层)                                                    | 2011年建 |                                 2室2厅 | 70平米                                  | 西南,https://ke-image.ljcdn.com/500000-inspection/prod-63496f88-3b60-46e1-9cbf-71fa6ef9de86.jpg!m_fill,w_280,h_210,f_jpg?from=ke.com
20191026,沙坪坝,烈士墓,海航新街，简装两房，户型方正，视野开阔，采光充足新上,95万,中楼层(共16层)                                                    | 2011年建 |                                 2室1厅 | 70平米                                  | 南,https://ke-image.ljcdn.com/500000-inspection/pc1_kUJWM562y_1.jpg!m_fill,w_280,h_210,f_jpg?from=ke.com
20191026,沙坪坝,烈士墓,磁器口融创滨江壹号 精装四房 拎包入住,172万,高楼层(共26层)                                                    | 2017年建 |                                 4室2厅 | 89平米                                  | 西南,https://ke-image.ljcdn.com/500000-inspection/83eb90eb-f02b-4fd7-913e-6707c3e661e5.jpg!m_fill,w_280,h_210,f_jpg?from=ke.com
20191026,沙坪坝,烈士墓,歌乐山花园洋房 业主诚售 环境宜人,140万,低楼层(共6层)                                                    | 2010年建 |                                 4室2厅 | 160平米                                  | 南 北,https://ke-image.ljcdn.com/500000-inspection/5a83ffea-b261-4cd5-b08d-8aab410db114.JPG!m_fill,w_280,h_210,f_jpg?from=ke.com
20191026,沙坪坝,烈士墓,沙坪坝奇峰云邸三房清水房业主诚心出售,95万,中楼层(共5层)                                                3室2厅 | 106平米                                  | 东南,https://ke-image.ljcdn.com/500000-inspection/2ebdf80b-caf1-4bff-bf54-2f40c98ad783.JPG!m_fill,w_280,h_210,f_jpg?from=ke.com
20191026,沙坪坝,烈士墓,九鼎单配改一房  精装修  拎包入住  业主诚售,56万,高楼层(共18层)                                                    | 2006年建 |                                 2室1厅 | 43平米                                  | 南,https://ke-image.ljcdn.com/500000-inspection/89909873-5748-487d-a295-20305685e9f9.jpg!m_fill,w_280,h_210,f_jpg?from=ke.com
20191026,沙坪坝,烈士墓,融创滨江一号   正规两室   户型方正,160万,中楼层(共26层)                                                    | 2017年建 |                                 3室2厅 | 88.8平米                                  | 南 北,https://ke-image.ljcdn.com/500000-inspection/62979716-0f3d-48b5-a412-00b2ec8a7bcd.JPG!m_fill,w_280,h_210,f_jpg?from=ke.com
20191026,沙坪坝,烈士墓,此房为滨江壹号少见户型 户型方正 视野好 可看江,125万,低楼层(共33层)                                                    | 2017年建 |                                 3室2厅 | 74平米                                  | 东南,https://s1.ljcdn.com/pegasus/redskull/images/common/default_house_list.png?_v=201910231435436
20191026,沙坪坝,烈士墓,此房为公寓沙坪坝红岩广场旁边业主诚心出售,38万,低楼层(共28层)                                                1室1厅 | 46.98平米                                  | 东南,https://ke-image.ljcdn.com/500000-inspection/c654fb13-57b6-4518-b326-936028d5da65.jpg!m_fill,w_280,h_210,f_jpg?from=ke.com
20191026,沙坪坝,烈士墓,精装洋房，带前后花园，云雾缭绕，居家避暑您值得拥有,238万,低楼层(共6层)                                                4室3厅 | 171.53平米                                  | 南,https://ke-image.ljcdn.com/500000-inspection/54a815e9-b1a4-4cdd-931e-d7e85bf9cfdf.jpg!m_fill,w_280,h_210,f_jpg?from=ke.com
20191026,沙坪坝,烈士墓,翰林景园 正规三房住家装修 朝向安静采光好居家舒适,118万,中楼层(共18层)                                                    | 2002年建 |                                 3室1厅 | 124.17平米                                  | 东南,https://ke-image.ljcdn.com/500000-inspection/c61c7605-59cf-4645-98e0-0deb472d86a9.jpg!m_fill,w_280,h_210,f_jpg?from=ke.com
20191026,沙坪坝,烈士墓,轻轨楼盘 品质住宅 住家新装带车位 拎包入住,239万,低楼层(共41层)                                                    | 2017年建 |                                 3室2厅 | 136.58平米                                  | 东南,https://ke-image.ljcdn.com/500000-inspection/80cb521b-2d6b-4a30-9547-745ea4bf74d3.jpg!m_fill,w_280,h_210,f_jpg?from=ke.com
20191026,沙坪坝,烈士墓,品质小区，清水大四房，可看江，大阳台，两梯四户,220万,中楼层(共32层)                                                4室2厅 | 149.76平米                                  | 东南,https://ke-image.ljcdn.com/500000-inspection/e12bf4cf-f5d6-47b5-8c32-215e87f70e50.jpg!m_fill,w_280,h_210,f_jpg?from=ke.com
20191026,沙坪坝,烈士墓,融创滨江壹号臻江府 跃层 正看江 视野开阔,550万,高楼层(共32层)                                                6室2厅 | 234平米                                  | 东,https://ke-image.ljcdn.com/500000-inspection/8e9704d8-0d22-4706-9268-548cc75074ca.JPG!m_fill,w_280,h_210,f_jpg?from=ke.com
20191026,沙坪坝,烈士墓,沙坪坝奇峰云邸清水房证在手业主诚心出售,148万,中楼层(共5层)                                                    | 2015年建 |                                 5室2厅 | 172平米                                  | 东南,https://ke-image.ljcdn.com/500000-inspection/0d3fa7d9-6848-4ab0-bd62-c01fdc868781.JPG!m_fill,w_280,h_210,f_jpg?from=ke.com
20191026,沙坪坝,烈士墓,融创滨江壹号 大户型 可看江 视野开阔 交通便利,300万,低楼层(共41层)                                                    | 2017年建 |                                 6室2厅 | 194平米                                  | 东南,https://ke-image.ljcdn.com/500000-inspection/566b6362-c080-4878-bd89-e565e44ae18f.JPG!m_fill,w_280,h_210,f_jpg?from=ke.com
20191026,沙坪坝,烈士墓,金融街金悦府精装小三房 朝向安静 居家出行便利,122万,低楼层(共31层)                                                3室1厅 | 78平米                                  | 南,https://ke-image.ljcdn.com/500000-inspection/4b1e3a3c-bb42-42e9-bd13-d08a661f4ae7.jpg!m_fill,w_280,h_210,f_jpg?from=ke.com
20191026,沙坪坝,烈士墓,金悦城 1室0厅 东南,65万,中楼层(共32层)                                                    | 2010年建 |                                 1室0厅 | 43平米                                  | 东南,https://ke-image.ljcdn.com/500000-frame/c40066d2-d15d-4918-9ae7-910089cee91e.JPG!m_fill,w_280,h_210,f_jpg?from=ke.com
20191026,沙坪坝,烈士墓,金悦城 正规小三房 精装修 楼层采光好新上,145万,中楼层(共31层)                                                    | 2010年建 |                                 3室2厅 | 95.36平米                                  | 东,https://ke-image.ljcdn.com/500000-frame/d7a89a5d-86f7-4826-b266-59bb26df3f9b.jpg!m_fill,w_280,h_210,f_jpg?from=ke.com
20191026,沙坪坝,烈士墓,奇峰云邸一期，品质之作，视野好，住家装修,175万,低楼层(共6层)                                                3室1厅 | 132.6平米                                  | 南,https://ke-image.ljcdn.com/500000-inspection/b034e112-06ba-4568-88b2-591780a2d4a1.JPG!m_fill,w_280,h_210,f_jpg?from=ke.com
20191026,沙坪坝,烈士墓,国盛三千城 两室一厅 住家装修 楼层适中 采光充足,85万,高楼层(共33层)                                                2室1厅 | 61平米                                  | 南,https://ke-image.ljcdn.com/500000-frame/2f325b7d-fbcb-4ce6-880e-aab2d9815a841.png!m_fill,w_280,h_210,f_jpg?from=ke.com
20191026,沙坪坝,烈士墓,轻轨站出口，滨江壹号，端头洋房，采光好，视野好,220万,高楼层(共6层)                                                    | 2017年建 |                                 3室2厅 | 115平米                                  | 东南,https://ke-image.ljcdn.com/500000-inspection/8d82caa6-090f-41af-910a-ceda8f8b4107.jpg!m_fill,w_280,h_210,f_jpg?from=ke.com
20191026,沙坪坝,烈士墓,烈士墓 正规两房 户型方正 拎包入住,98万,低楼层(共14层)                                                    | 2001年建 |                                 2室2厅 | 92平米                                  | 南,https://ke-image.ljcdn.com/500000-inspection/rsp_pic_uploadd6c09dcc-5179-408e-9a5c-a93398f9765d.jpg!m_fill,w_280,h_210,f_jpg?from=ke.com
20191026,沙坪坝,烈士墓,金悦城正规一室一厅 带院管 拎包入住,86万,中楼层(共31层)                                                    | 2010年建 |                                 1室1厅 | 58.87平米                                  | 北,https://ke-image.ljcdn.com/500000-inspection/5f1263f7-9a45-4d80-9ce4-f4d215128729.jpg!m_fill,w_280,h_210,f_jpg?from=ke.com
20191026,沙坪坝,烈士墓,金悦城 大户型 住家安静 业主诚心出售,240万,低楼层(共31层)                                                    | 2010年建 |                                 6室1厅 | 243.87平米                                  | 东南,https://ke-image.ljcdn.com/500000-inspection/6812bc2f-5db6-4c16-887f-a60917c20989.jpg!m_fill,w_280,h_210,f_jpg?from=ke.com
20191026,沙坪坝,烈士墓,融创滨江壹号 正看江 精装四房 视野开阔,300万,低楼层(共41层)                                                    | 2017年建 |                                 4室2厅 | 143平米                                  | 东南,https://s1.ljcdn.com/pegasus/redskull/images/common/default_house_list.png?_v=201910231435436
20191026,沙坪坝,烈士墓,融创滨江壹号二期洋房 正规三房双卫 出行方便,235万,中楼层(共6层)                                                3室2厅 | 117.66平米                                  | 南 北,https://ke-image.ljcdn.com/500000-inspection/4b7ccfae-9b74-48f0-9add-e1d02129465e.jpg!m_fill,w_280,h_210,f_jpg?from=ke.com
20191026,沙坪坝,烈士墓,磁器口轻轨站 装修一房   只卖全款，只卖全款！全款！,60万,中楼层(共18层)                                                    | 2006年建 |                                 1室1厅 | 43平米                                  | 东南,https://ke-image.ljcdn.com/500000-inspection/1a7999d1-da72-497a-9779-ccfd29bf686e.jpg!m_fill,w_280,h_210,f_jpg?from=ke.com
20191026,沙坪坝,烈士墓,九鼎名都正规一室一厅 精装修 诚心出售 可拎包入住,58万,低楼层(共18层)                                                    | 2006年建 |                                 1室1厅 | 44平米                                  | 东南 北,https://ke-image.ljcdn.com/500000-inspection/ba31da76-596c-405c-94a6-e291618728da.jpg!m_fill,w_280,h_210,f_jpg?from=ke.com
20191026,沙坪坝,烈士墓,沙坪坝  烈士墓  金悦城   正规精装3房,145万,中楼层(共30层)                                                    | 2010年建 |                                 3室2厅 | 99.76平米                                  | 南,https://ke-image.ljcdn.com/500000-inspection/f2637db9-4f13-4817-abd7-f8c5757f1182.jpg!m_fill,w_280,h_210,f_jpg?from=ke.com
20191026,沙坪坝,烈士墓,融创经典跃层 嘉陵风景一览无余 有山有水有公园,500万,低楼层(共41层)                                                    | 2017年建 |                                 6室2厅 | 229平米                                  | 东南,https://ke-image.ljcdn.com/500000-inspection/78717d27-68b3-4b9b-b849-a0c10750d85f.jpg!m_fill,w_280,h_210,f_jpg?from=ke.com
20191026,沙坪坝,烈士墓,沙坪坝歌乐山奇峰云邸联排别墅诚意出售,238万,低楼层(共3层)                                                    | 2016年建 |                                 6室2厅 | 286平米                                  | 东南,https://ke-image.ljcdn.com/500000-inspection/rsp_pic_upload3ac8db5f-8d8f-49ba-abe8-a48b96db8ba4.JPG!m_fill,w_280,h_210,f_jpg?from=ke.com
20191026,沙坪坝,烈士墓,此房是公寓，税费高，高，高，客户谨慎,40万,低楼层(共28层)                                                2室1厅 | 45平米                                  | 南,https://ke-image.ljcdn.com/500000-frame/8b200fcf-6fac-46d5-824a-d0ee99ccffdc.jpg!m_fill,w_280,h_210,f_jpg?from=ke.com
20191026,沙坪坝,烈士墓,沙坪坝歌乐山奇峰云邸清水三房诚意出售,110万,中楼层(共5层)                                                3室2厅 | 107平米                                  | 东南,https://ke-image.ljcdn.com/500000-inspection/f7effe59-b466-41c2-8874-0c2851c34227.jpg!m_fill,w_280,h_210,f_jpg?from=ke.com
20191026,沙坪坝,烈士墓,烈士墓业主住家装修单配 出行方便,51万,高楼层(共16层)                                                    | 2011年建 |                                 1室0厅 | 38.89平米                                  | 东,https://ke-image.ljcdn.com/500000-inspection/5c9c96ee-a555-41da-811d-85373f1423d1.jpg!m_fill,w_280,h_210,f_jpg?from=ke.com
20191026,沙坪坝,烈士墓,融创滨江壹号一期的清水跃层，户型方正,188万,高楼层(共33层)                                                    | 2017年建 |                                 3室2厅 | 85平米                                  | 西,https://ke-image.ljcdn.com/500000-frame/5d3a2824-3e99-478e-bd2f-c25118808625.jpg!m_fill,w_280,h_210,f_jpg?from=ke.com
20191026,沙坪坝,烈士墓,奇峰云邸正规四房 朝向安静 居家温馨,180万,中楼层(共6层)                                                4室2厅 | 145平米                                  | 南,https://ke-image.ljcdn.com/500000-inspection/9d393755-c350-4cd7-8e71-0fcbe4ec0e87.jpg!m_fill,w_280,h_210,f_jpg?from=ke.com
20191026,沙坪坝,烈士墓,沙坪坝歌乐山奇峰云邸联排别墅端户诚心出售,450万,低楼层(共3层)                                                    | 2016年建 |                                 8室2厅 | 355.49平米                                  | 南,https://ke-image.ljcdn.com/500000-inspection/6ebffd24-c5ef-442c-8b87-c9c5a92af358.jpg!m_fill,w_280,h_210,f_jpg?from=ke.com
20191026,沙坪坝,烈士墓,金悦府清水小三室带阳台  楼龄新楼层适中采光好,115万,高楼层(共32层)                                                    | 2018年建 |                                 3室2厅 | 75.7平米                                  | 东南,https://ke-image.ljcdn.com/hdic-frame/f19a1464-9808-442c-a59e-03f4862576f6.png!m_fill,w_280,h_210,f_jpg?from=ke.com
20191026,沙坪坝,烈士墓,奇峰云邸 正规 三房 洋房 小区环境好,159万,高楼层(共6层)                                                4室2厅 | 179平米                                  | 南,https://ke-image.ljcdn.com/500000-inspection/d4682f2e-d23f-4511-b437-243bcef8f746.JPG!m_fill,w_280,h_210,f_jpg?from=ke.com
20191026,沙坪坝,烈士墓,沙坪坝 石井坡轻轨站 正规四方 朝江 通透户型,220万,低楼层(共41层)                                                    | 2017年建 |                                 4室2厅 | 143.54平米                                  | 东南,https://ke-image.ljcdn.com/500000-inspection/ec3d3e2c-8488-40cf-9f0d-0e33f2dde710.jpg!m_fill,w_280,h_210,f_jpg?from=ke.com
20191026,沙坪坝,烈士墓,磁器口国盛三千城精装修两房读树人新上,110万,中楼层(共33层)                                                    | 2016年建 |                                 2室1厅 | 70.13平米                                  | 东,https://ke-image.ljcdn.com/hdic-frame/473150b5-cf3e-4b79-89f8-9593ffba358c.png!m_fill,w_280,h_210,f_jpg?from=ke.com
20191026,沙坪坝,烈士墓,融创滨江壹号 大户型 可看江 视野开阔 交通便利,377万,高楼层(共41层)                                                    | 2017年建 |                                 6室2厅 | 194.69平米                                  | 东南,https://ke-image.ljcdn.com/500000-inspection/011805a2-46db-4e11-9fcf-97d1f1ee4e5a.JPG!m_fill,w_280,h_210,f_jpg?from=ke.com
20191026,沙坪坝,烈士墓,磁器口 烈士墓 九鼎名都 一房出售,50万,高楼层(共18层)                                                    | 2006年建 |                                 1室1厅 | 39平米                                  | 西北,https://ke-image.ljcdn.com/500000-inspection/8729f312-a93d-465a-b685-152470552485.jpg!m_fill,w_280,h_210,f_jpg?from=ke.com
20191026,沙坪坝,烈士墓,九鼎名都 正规三室 业主自住 精装修 拎包入住,150万,中楼层(共32层)                                                    | 2013年建 |                                 3室1厅 | 113.94平米                                  | 东,https://ke-image.ljcdn.com/hdic-frame/22fb2429-ba2e-4ae7-9f80-074a11a09669.png!m_fill,w_280,h_210,f_jpg?from=ke.com
20191026,沙坪坝,烈士墓,烈士墓翰林景园  跃层户型 装修保持好 朝小区中庭安静,155万,中楼层(共18层)                                                    | 2002年建 |                                 3室2厅 | 158.5平米                                  | 东,https://ke-image.ljcdn.com/500000-inspection/46430808-9f46-48f8-9c82-aa808dd8fee3.jpg!m_fill,w_280,h_210,f_jpg?from=ke.com
20191026,沙坪坝,烈士墓,烈士墓 精装小户型 交通采光好,70万,中楼层(共32层)                                                    | 2010年建 |                                 1室0厅 | 41.72平米                                  | 东南,https://ke-image.ljcdn.com/500000-frame/1aac20da-60df-4e82-baa5-e3abe0f19cfc3.jpg!m_fill,w_280,h_210,f_jpg?from=ke.com
20191026,沙坪坝,烈士墓,金悦府正规三房+视野开阔+户型好,125万,中楼层(共32层)                                                    | 2018年建 |                                 3室2厅 | 84平米                                  | 西,https://ke-image.ljcdn.com/hdic-frame/prod-43cf33d0-b079-4994-839b-23eb480c03d1.png!m_fill,w_280,h_210,f_jpg?from=ke.com
20191026,沙坪坝,烈士墓,沙坪坝歌乐山奇峰云邸顶跃户型视野开阔,198万,高楼层(共6层)                                                4室2厅 | 208.77平米                                  | 东南,https://ke-image.ljcdn.com/500000-inspection/0367c1ff-a40f-4f86-bf6b-81b1279a4b02.JPG!m_fill,w_280,h_210,f_jpg?from=ke.com
20191026,沙坪坝,烈士墓,沙坪坝烈士墓 大户型、一楼、利用率高,285万,低楼层(共3层)                                                    | 2016年建 |                                 6室3厅 | 286平米                                  | 东南,https://ke-image.ljcdn.com/500000-inspection/56b37936-3af7-4116-a7ae-225f87858ee4.jpg!m_fill,w_280,h_210,f_jpg?from=ke.com
20191026,沙坪坝,烈士墓,烈士墓 单价配套 交通方便 新世纪超市,48万,中楼层(共32层)                                                    | 2010年建 |                                 1室0厅 | 33平米                                  | 西,https://ke-image.ljcdn.com/500000-frame/a019ff2f-aced-4d7b-a17b-85d18d1e46e19.jpg!m_fill,w_280,h_210,f_jpg?from=ke.com
20191026,沙坪坝,烈士墓,奇峰云邸正规平层四房，朝向安静。,135万,中楼层(共6层)                                                4室2厅 | 144.19平米                                  | 东南,https://ke-image.ljcdn.com/500000-inspection/rsp_pic_uploada1af86a4-0e05-4707-829a-175699a2a99c.JPG!m_fill,w_280,h_210,f_jpg?from=ke.com
20191026,沙坪坝,烈士墓,清水大三房 视野开阔 采光通透 清水大平层,400万,高楼层(共41层)                                                    | 2017年建 |                                 3室2厅 | 194平米                                  | 南,https://ke-image.ljcdn.com/500000-inspection/354dcd43-3969-4c01-8980-7367ee1b267a.jpg!m_fill,w_280,h_210,f_jpg?from=ke.com
20191026,沙坪坝,烈士墓,正规两室 国盛三千城 满两年二手房,120万,低楼层(共33层)                                                    | 2015年建 |                                 2室1厅 | 85平米                                  | 东南,https://ke-image.ljcdn.com/hdic-frame/5e807a3e-c958-4841-99c1-4a8702b8b195.png!m_fill,w_280,h_210,f_jpg?from=ke.com
20191026,沙坪坝,烈士墓,沙坪坝歌乐山奇峰云邸住家装修诚意出售,135万,中楼层(共6层)                                                    | 2016年建 |                                 3室1厅 | 125平米                                  | 南,https://ke-image.ljcdn.com/500000-inspection/0ecf5170-415a-4c27-a75c-743a45ac568a.JPG!m_fill,w_280,h_210,f_jpg?from=ke.com
20191026,沙坪坝,烈士墓,烈士墓 轻轨站 正规跃层四房 住家装修 看房方便,230万,中楼层(共12层)                                                    | 2002年建 |                                 4室2厅 | 176.33平米                                  | 东南,https://ke-image.ljcdn.com/500000-inspection/836764c0-ebac-4f83-b7fb-832c75c8d155.jpg!m_fill,w_280,h_210,f_jpg?from=ke.com
20191026,沙坪坝,烈士墓,沙坪坝烈士墓奇峰云邸联排别墅四层独享云端的尊贵享受,280万,低楼层(共3层)                                                    | 2017年建 |                                 5室2厅 | 288平米                                  | 东南,https://ke-image.ljcdn.com/500000-inspection/53e2cbfc-a8fe-49c3-a81b-e145a2be727f.jpg!m_fill,w_280,h_210,f_jpg?from=ke.com
20191026,沙坪坝,烈士墓,沙坪坝歌乐山奇峰云邸联排别墅诚意出售,320万,低楼层(共3层)                                                    | 2016年建 |                                 5室2厅 | 286平米                                  | 南,https://ke-image.ljcdn.com/500000-inspection/bc98d3ec-1843-487a-a2ee-144eb9183731.jpg!m_fill,w_280,h_210,f_jpg?from=ke.com
20191026,沙坪坝,烈士墓,户型方正 次新小区 业主诚心出售,130万,低楼层(共31层)                                                3室2厅 | 78平米                                  | 北,https://ke-image.ljcdn.com/hdic-frame/3bc0239f-1b35-46b9-b15c-bbe011e13574.png!m_fill,w_280,h_210,f_jpg?from=ke.com
20191026,沙坪坝,烈士墓,奇峰云邸联排别墅  天然氧吧  居住舒适  清水,255万,低楼层(共3层)                                                    | 2016年建 |                                 5室3厅 | 286.68平米                                  | 东 南 西 北,https://ke-image.ljcdn.com/500000-inspection/0f146a94-dfdc-474b-a6cf-72e0fb96a75b.JPG!m_fill,w_280,h_210,f_jpg?from=ke.com
20191026,沙坪坝,烈士墓,沙坪坝杨公桥奇峰云邸四室两厅清水房诚心出售,145万,中楼层(共6层)                                                4室2厅 | 145.86平米                                  | 南,https://ke-image.ljcdn.com/500000-inspection/c3135f6e-bc7f-4091-b6d0-89319a050ab9.jpg!m_fill,w_280,h_210,f_jpg?from=ke.com
20191026,沙坪坝,烈士墓,三千城 精装修 正规大两房 业主诚心卖,135万,高楼层(共37层)                                                    | 2014年建 |                                 2室2厅 | 83平米                                  | 东南,https://s1.ljcdn.com/pegasus/redskull/images/common/default_house_list.png?_v=201910231435436
20191026,沙坪坝,烈士墓,沙坪坝奇峰云邸联排别墅诚意出售价格可谈,286万,低楼层(共3层)                                                    | 2016年建 |                                 6室3厅 | 286.13平米                                  | 东,https://ke-image.ljcdn.com/500000-frame/968e4348-34ef-4d3b-bf2e-26e0de58d216.jpg!m_fill,w_280,h_210,f_jpg?from=ke.com
20191026,沙坪坝,烈士墓,磁器口轻轨站旁九鼎名都正规两房 全实木家具 视野好,125万,高楼层(共32层)                                                    | 2013年建 |                                 2室2厅 | 80平米                                  | 东南,https://ke-image.ljcdn.com/500000-inspection/45d6759a-cefd-4899-b51e-22b3d3c5abc5.jpg!m_fill,w_280,h_210,f_jpg?from=ke.com
20191026,沙坪坝,烈士墓,融创滨江壹号 2室2厅 南新上,190万,高楼层(共33层)                                                2室2厅 | 103平米                                  | 南,https://s1.ljcdn.com/pegasus/redskull/images/common/default_house_list.png?_v=201910231435436
20191026,沙坪坝,烈士墓,沙坪坝 奇峰云邸 品质洋房 清水四房 大露台 诚心出售新上,152万,低楼层(共6层)                                                    | 2016年建 |                                 4室1厅 | 160.25平米                                  | 东南,https://ke-image.ljcdn.com/hdic-frame/b0062047-1f9d-4f6c-8f5b-cd7e037b5b08.png!m_fill,w_280,h_210,f_jpg?from=ke.com
20191026,沙坪坝,烈士墓,九鼎名都 3室1厅 东南新上,151万,高楼层(共32层)                                                    | 2013年建 |                                 3室1厅 | 95.05平米                                  | 东南,https://ke-image.ljcdn.com/hdic-frame/31b83657-c08b-4572-af78-5bb133d6b4ec.png!m_fill,w_280,h_210,f_jpg?from=ke.com
20191026,沙坪坝,烈士墓,沙坪坝歌乐山奇峰云邸联排别墅诚意出售,286万,低楼层(共3层)                                                    | 2016年建 |                                 6室3厅 | 286.13平米                                  | 东,https://ke-image.ljcdn.com/500000-frame/27ec862e-93ff-402c-9525-729ba48b55b0.jpg!m_fill,w_280,h_210,f_jpg?from=ke.com
20191026,沙坪坝,烈士墓,石井坡和平山社区一室一厅，出手快就有，，,35万,低楼层(共9层)                                                1室1厅 | 54.1平米                                  | 北,https://s1.ljcdn.com/pegasus/redskull/images/common/default_house_list.png?_v=201910231435436
20191026,沙坪坝,烈士墓,双碑优质电梯房  价格便宜于周 边小区,53万,高楼层(共32层)                                                    | 2010年建 |                                 2室1厅 | 67.8平米                                  | 南,https://s1.ljcdn.com/pegasus/redskull/images/common/default_house_list.png?_v=201910231435436
20191026,沙坪坝,烈士墓,沙坪坝区双碑井口清水正规电梯三房,75万,低楼层(共32层)                                                3室2厅 | 97.14平米                                  | 东南,https://s1.ljcdn.com/pegasus/redskull/images/common/default_house_list.png?_v=201910231435436
20191026,沙坪坝,烈士墓,海航新街 正规两室 业主诚心出售,88万,中楼层(共16层)                                                    | 2011年建 |                                 2室2厅 | 70平米                                  | 东南,https://s1.ljcdn.com/pegasus/redskull/images/common/default_house_list.png?_v=201910231435436
20191026,沙坪坝,烈士墓,三千城清水两房  户型方正  居家安静 急售,100万,中楼层(共33层)                                                2室2厅 | 81.51平米                                  | 东南,https://s1.ljcdn.com/pegasus/redskull/images/common/default_house_list.png?_v=201910231435436
20191026,沙坪坝,烈士墓,逸品森香 2室1厅 南,62万,中楼层(共7层)                                                    | 2014年建 |                                 2室1厅 | 59.24平米                                  | 南,https://s1.ljcdn.com/pegasus/redskull/images/common/default_house_list.png?_v=201910231435436
20191026,沙坪坝,烈士墓,双碑电梯房 精装修 拎包入住 56W,60万,低楼层(共32层)                                                    | 2017年建 |                                 2室2厅 | 67.61平米                                  | 东南,https://s1.ljcdn.com/pegasus/redskull/images/common/default_house_list.png?_v=201910231435436
20191026,沙坪坝,烈士墓,井弘园B区，先锋街248终点站 滨江路，三甲医院在建,45万,高楼层(共32层)                                                2室1厅 | 53平米                                  | 东南,https://s1.ljcdn.com/pegasus/redskull/images/common/default_house_list.png?_v=201910231435436
20191026,沙坪坝,烈士墓,沙坪坝区双碑井口井弘苑清水正规三房,72万,高楼层(共32层)                                                3室1厅 | 98平米                                  | 东南,https://s1.ljcdn.com/pegasus/redskull/images/common/default_house_list.png?_v=201910231435436
20191026,沙坪坝,烈士墓,金融街金悦府 3室1厅 东南,120万,高楼层(共31层)                                                3室1厅 | 87.07平米                                  | 东南,https://s1.ljcdn.com/pegasus/redskull/images/common/default_house_list.png?_v=201910231435436
20191026,沙坪坝,烈士墓,沙坪坝金悦城住家两房带景观阳台朝中庭,135万,高楼层(共31层)                                                    | 2010年建 |                                 2室2厅 | 88平米                                  | 北,https://s1.ljcdn.com/pegasus/redskull/images/common/default_house_list.png?_v=201910231435436
20191026,沙坪坝,烈士墓,井口井华苑 精装正规三室一厅 拎包入住,85万,低楼层(共32层)                                                3室1厅 | 97平米                                  | 东,https://s1.ljcdn.com/pegasus/redskull/images/common/default_house_list.png?_v=201910231435436
20191026,沙坪坝,烈士墓,俩室，户型方正，阳光充足，交通便利,80万,高楼层(共16层)                                                    | 2011年建 |                                 2室1厅 | 63.5平米                                  | 东,https://s1.ljcdn.com/pegasus/redskull/images/common/default_house_list.png?_v=201910231435436
20191026,沙坪坝,烈士墓,井口龙润尚城.精装修两房出售出行方便,60万,中楼层(共32层)                                                    | 2016年建 |                                 2室1厅 | 67.5平米                                  | 西南,https://s1.ljcdn.com/pegasus/redskull/images/common/default_house_list.png?_v=201910231435436
20191026,沙坪坝,烈士墓,井弘苑精装两房 礼嘉大桥 沙滨路 三甲医院伸手可得,60万,中楼层(共18层)                                                2室1厅 | 72平米                                  | 南,https://s1.ljcdn.com/pegasus/redskull/images/common/default_house_list.png?_v=201910231435436
20191026,沙坪坝,烈士墓,此房是公寓，税费高，高，高，客户谨慎,42万,低楼层(共28层)                                                1室1厅 | 43.84平米                                  | 东,https://s1.ljcdn.com/pegasus/redskull/images/common/default_house_list.png?_v=201910231435436
20191026,沙坪坝,烈士墓,堆金村精装大两室，户型方正，入手可住,55万,中楼层(共11层)                                                    | 1995年建 |                                 2室1厅 | 75平米                                  | 南,https://s1.ljcdn.com/pegasus/redskull/images/common/default_house_list.png?_v=201910231435436
20191026,沙坪坝,烈士墓,底层精装两室 可做生意 随意性强,56万,低楼层(共32层)                                                    | 2016年建 |                                 2室1厅 | 65.23平米                                  | 南,https://s1.ljcdn.com/pegasus/redskull/images/common/default_house_list.png?_v=201910231435436
20191026,沙坪坝,烈士墓,九鼎名都 2室1厅 南,62万,低楼层(共18层)                                                    | 2006年建 |                                 2室1厅 | 42.38平米                                  | 南,https://s1.ljcdn.com/pegasus/redskull/images/common/default_house_list.png?_v=201910231435436
20191026,沙坪坝,烈士墓,堆金村大三房，出行方便，生活便利,70万,中楼层(共11层)                                                3室2厅 | 98.36平米                                  | 东,https://s1.ljcdn.com/pegasus/redskull/images/common/default_house_list.png?_v=201910231435436
20191026,沙坪坝,烈士墓,烈士墓轻轨站旁，正两房，沙区高品质小区，邻磁器口,95万,高楼层(共24层)                                                    | 2014年建 |                                 2室2厅 | 79平米                                  | 东,https://s1.ljcdn.com/pegasus/redskull/images/common/default_house_list.png?_v=201910231435436
20191026,沙坪坝,烈士墓,沙坪坝奇峰云邸清水房诚意出售看房方便,130万,中楼层(共6层)                                                    | 2017年建 |                                 3室2厅 | 129.1平米                                  | 东南,https://s1.ljcdn.com/pegasus/redskull/images/common/default_house_list.png?_v=201910231435436
20191026,沙坪坝,烈士墓,二期， 轻轨房，品质小区，两梯四户，斜看江,245万,低楼层(共32层)                                                4室2厅 | 149.67平米                                  | 东北,https://s1.ljcdn.com/pegasus/redskull/images/common/default_house_list.png?_v=201910231435436
20191026,沙坪坝,烈士墓,轻轨房，看江户型，大平层，两梯四户，品质小区,249万,高楼层(共32层)                                                4室2厅 | 149.6平米                                  | 南,https://s1.ljcdn.com/pegasus/redskull/images/common/default_house_list.png?_v=201910231435436
20191026,沙坪坝,烈士墓,轻轨楼盘 住家精装修 朝向视野开阔 业主急售 价格美丽,86万,高楼层(共32层)                                                    | 2013年建 |                                 2室1厅 | 55平米                                  | 南,https://s1.ljcdn.com/pegasus/redskull/images/common/default_house_list.png?_v=201910231435436
20191026,沙坪坝,烈士墓,双碑枝元村三房出售，出行方便，采光好,60万,中楼层(共8层)                                                    | 1998年建 |                                 3室1厅 | 76平米                                  | 东南,https://s1.ljcdn.com/pegasus/redskull/images/common/default_house_list.png?_v=201910231435436
20191026,沙坪坝,烈士墓,沙坪坝奇峰云邸联排别墅端户清水业主诚心出售,320万,低楼层(共3层)                                                    | 2016年建 |                                 6室4厅 | 354.96平米                                  | 东北,https://s1.ljcdn.com/pegasus/redskull/images/common/default_house_list.png?_v=201910231435436
20191026,沙坪坝,烈士墓,户型方正 朝向安静 采光充足 交通便利 诚心出售,65万,高楼层(共16层)                                                    | 2011年建 |                                 1室1厅 | 43平米                                  | 南,https://s1.ljcdn.com/pegasus/redskull/images/common/default_house_list.png?_v=201910231435436
20191026,沙坪坝,烈士墓,金悦锦城 次新小区 住家安静 环境优美,120万,中楼层(共25层)                                                    | 2016年建 |                                 3室2厅 | 98.88平米                                  | 东,https://s1.ljcdn.com/pegasus/redskull/images/common/default_house_list.png?_v=201910231435436
20191026,沙坪坝,烈士墓,双碑堆金村正规两房出售  出行方便,55万,高楼层(共9层)                                                    | 1998年建 |                                 2室2厅 | 78.7平米                                  | 东南,https://s1.ljcdn.com/pegasus/redskull/images/common/default_house_list.png?_v=201910231435436
20191026,沙坪坝,烈士墓,轻轨站旁，清水三房，朝向按揭，可自主装修，急售,180万,高楼层(共25层)                                                3室2厅 | 105平米                                  | 东南,https://s1.ljcdn.com/pegasus/redskull/images/common/default_house_list.png?_v=201910231435436
20191026,沙坪坝,烈士墓,沙坪坝奇峰云邸住家装修业主诚心出售,200万,中楼层(共5层)                                                3室2厅 | 109平米                                  | 东南,https://s1.ljcdn.com/pegasus/redskull/images/common/default_house_list.png?_v=201910231435436
20191026,沙坪坝,烈士墓,交通方便 户型方正 精装两房 配套设施齐全,95万,高楼层(共16层)                                                    | 2011年建 |                                 2室1厅 | 67.5平米                                  | 东南,https://s1.ljcdn.com/pegasus/redskull/images/common/default_house_list.png?_v=201910231435436
20191026,沙坪坝,烈士墓,海航新街 一室住家装修 配套成熟交通方便,44万,中楼层(共16层)                                                    | 2011年建 |                                 1室1厅 | 33.98平米                                  | 东,https://s1.ljcdn.com/pegasus/redskull/images/common/default_house_list.png?_v=201910231435436
20191026,沙坪坝,烈士墓,九鼎名都，正规一室，朝向安静，业主诚心出售,59.8万,高楼层(共18层)                                                    | 2006年建 |                                 1室0厅 | 45平米                                  | 东南,https://s1.ljcdn.com/pegasus/redskull/images/common/default_house_list.png?_v=201910231435436
20191026,沙坪坝,烈士墓,轻轨站旁，次新小区，清水大三房，朝向安静，急售,170万,高楼层(共24层)                                                3室2厅 | 105平米                                  | 东南,https://s1.ljcdn.com/pegasus/redskull/images/common/default_house_list.png?_v=201910231435436
20191026,沙坪坝,烈士墓,九鼎名都正规两室，户型方正，住家装修,130万,低楼层(共32层)                                                    | 2013年建 |                                 2室2厅 | 95.05平米                                  | 东南,https://s1.ljcdn.com/pegasus/redskull/images/common/default_house_list.png?_v=201910231435436
20191026,沙坪坝,烈士墓,双碑精装两房 价格便宜 拎包入住,60万,高楼层(共32层)                                                2室1厅 | 65.8平米                                  | 东南,https://s1.ljcdn.com/pegasus/redskull/images/common/default_house_list.png?_v=201910231435436
20191026,沙坪坝,烈士墓,此房为正规两室两厅一卫一厨简装修,45万,中楼层(共8层)                                                2室2厅 | 61平米                                  | 北,https://s1.ljcdn.com/pegasus/redskull/images/common/default_house_list.png?_v=201910231435436
20191026,沙坪坝,烈士墓,双碑优质精装两房 拎包及入住 出行购物方便,66万,高楼层(共32层)                                                2室1厅 | 65平米                                  | 南,https://s1.ljcdn.com/pegasus/redskull/images/common/default_house_list.png?_v=201910231435436
20191026,沙坪坝,烈士墓,海航新街 2室2厅 东南,95万,高楼层(共16层)                                                    | 2011年建 |                                 2室2厅 | 73平米                                  | 东南,https://s1.ljcdn.com/pegasus/redskull/images/common/default_house_list.png?_v=201910231435436
20191026,沙坪坝,烈士墓,奇峰云邸正规三房，业主诚心出售。,165万,低楼层(共6层)                                                3室1厅 | 135平米                                  | 南,https://s1.ljcdn.com/pegasus/redskull/images/common/default_house_list.png?_v=201910231435436
20191026,沙坪坝,烈士墓,沙坪坝 烈士墓 轻轨旁 正规大两房 直接拎包入住新上,82万,中楼层(共31层)                                                    | 2005年建 |                                 3室2厅 | 68.43平米                                  | 东南,https://s1.ljcdn.com/pegasus/redskull/images/common/default_house_list.png?_v=201910231435436
20191026,沙坪坝,烈士墓,正规三房厅，户型方正欲购从速精装修，拎包入住。新上,140万,高楼层(共31层)                                                    | 2010年建 |                                 3室2厅 | 95平米                                  | 东南,https://s1.ljcdn.com/pegasus/redskull/images/common/default_house_list.png?_v=201910231435436
20191026,沙坪坝,烈士墓,精装两房，户型方正 可拎包入住。新上,158万,高楼层(共32层)                                                    | 2013年建 |                                 2室2厅 | 95平米                                  | 南,https://s1.ljcdn.com/pegasus/redskull/images/common/default_house_list.png?_v=201910231435436
20191026,沙坪坝,烈士墓,此房两室一厅一卫一厨业主精装修,65万,中楼层(共11层)                                                    | 1995年建 |                                 2室1厅 | 72平米                                  | 东南,https://s1.ljcdn.com/pegasus/redskull/images/common/default_house_list.png?_v=201910231435436
20191026,沙坪坝,烈士墓,融创滨江壹号  2室1厅  64平方新上,100万,低楼层(共33层)                                                    | 2017年建 |                                 2室2厅 | 64平米                                  | 南,https://s1.ljcdn.com/pegasus/redskull/images/common/default_house_list.png?_v=201910231435436
20191026,沙坪坝,烈士墓,金融街金悦府 3室2厅 南新上,150万,中楼层(共31层)                                                3室2厅 | 97.6平米                                  | 南,https://s1.ljcdn.com/pegasus/redskull/images/common/default_house_list.png?_v=201910231435436
20191026,沙坪坝,烈士墓,三千城正规两室 户型方正 采光充足  精装修 拎包入住,115万,低楼层(共33层)                                                    | 2014年建 |                                 2室1厅 | 73平米                                  | 东,https://ke-image.ljcdn.com/500000-inspection/pc1_KGHZyQIfO.jpg!m_fill,w_280,h_210,f_jpg?from=ke.com
20191026,沙坪坝,烈士墓,金悦城正规两房 交通方便 住家安静 户型好,116万,中楼层(共30层)                                                    | 2010年建 |                                 2室1厅 | 83平米                                  | 南,https://ke-image.ljcdn.com/500000-inspection/pc1_kFP1z8qK3_1.jpg!m_fill,w_280,h_210,f_jpg?from=ke.com
20191026,沙坪坝,烈士墓,沙坪坝 金悦城 正规两房 户型方正 住家装修,131万,中楼层(共31层)                                                    | 2010年建 |                                 2室2厅 | 83平米                                  | 南,https://ke-image.ljcdn.com/500000-inspection/prod-76544934-ba20-4143-ba58-5b3a2639c13b.jpg!m_fill,w_280,h_210,f_jpg?from=ke.com
20191026,沙坪坝,烈士墓,住家装修，单配，朝向安静，采光好，阳台视野好。,50万,低楼层(共11层)                                                    | 2002年建 |                                 1室0厅 | 42平米                                  | 南,https://ke-image.ljcdn.com/500000-inspection/pc1_61LweTiuX_1.jpg!m_fill,w_280,h_210,f_jpg?from=ke.com
20191026,沙坪坝,烈士墓,金悦府清水三房 户型方正 采光充足 视野开阔 业主诚售,145万,高楼层(共32层)                                                3室2厅 | 97平米                                  | 东,https://ke-image.ljcdn.com/500000-inspection/prod-3cc1933c-e28a-4ca3-880c-ec931f7dc822.jpg!m_fill,w_280,h_210,f_jpg?from=ke.com
20191026,沙坪坝,烈士墓,沙坪坝 烈士墓 出门就是轻轨 业主诚心出售,125万,低楼层(共31层)                                                    | 2010年建 |                                 2室1厅 | 89平米                                  | 南,https://ke-image.ljcdn.com/hdic-frame/48655443-beaf-414d-89e0-0f7920a4133c.png!m_fill,w_280,h_210,f_jpg?from=ke.com
20191026,沙坪坝,烈士墓,此房是清水房，买过来装修自己喜欢的风格，,132万,高楼层(共31层)                                                3室2厅 | 98平米                                  | 东,https://s1.ljcdn.com/pegasus/redskull/images/common/default_house_list.png?_v=201910231435436
